baseline value,accelerations,prolongued_decelerations,abnormal_short_term_variability,mean_value_of_short_term_variability,percentage_of_time_with_abnormal_long_term_variability,histogram_mode,histogram_mean,histogram_median,histogram_variance,fetal_health
-1.1409069937436387,0.2001652201230258,-0.277999484765713,-1.502089692686194,0.4080706276368378,-0.5462416865898835,-0.2798653199643158,-0.8800542989401494,-0.8386959767187977,0.4610345364996763,1
-1.8445354030024639,-0.05548621386830003,-0.277999484765713,-1.502089692686194,0.4080706276368378,-0.5462416865898835,-0.5243909783469617,-0.8159676269493822,-0.9075973459109935,0.0019341100816487541,1
1.472569954931998,0.4558166541143516,-0.277999484765713,-1.1547581156244828,0.18399917477814723,-0.11136538220746513,1.1872886303315593,1.234805876755168,1.2972464682392717,-0.4571663163363788,1
0.06531313641434745,-0.31113764785962583,-0.277999484765713,-1.2126467118014348,0.5201063540661832,-0.002646306111860552,0.5759744843749447,-0.1110142350509431,-0.08078091560464408,0.743557875833847,1
-0.33676024030498125,0.7114680881056774,1.386620911867848,-1.6178668850400977,1.0802849862129096,-0.5462416865898835,-0.21873390536865436,-0.49553426699554626,-0.35638639237342723,0.8495041280841611,1
1.8746433316513265,-0.8224405158422775,-0.277999484765713,0.639788365861024,-0.936358089515306,2.0630161397046267,1.309551459522882,1.234805876755168,1.2972464682392717,-0.5277971511699214,1
0.36686816895384394,-0.8224405158422775,-0.277999484765713,0.6976769620379758,0.5201063540661832,-0.5462416865898835,0.27031741139663734,-0.751880954958615,0.19482456116413907,0.5669807887499904,1
0.36686816895384394,1.478422390079655,-0.277999484765713,0.639788365861024,0.18399917477814723,-0.5462416865898835,0.5148430697792832,0.5298524848567288,0.8149368838939012,1.1673428848351033,1
0.46738651313367613,2.756679560036284,-0.277999484765713,0.23456819262236114,-0.48821518379792467,-0.5462416865898835,0.5759744843749447,0.9143725168013319,0.7460355147017054,-0.49248173375315013,1
-0.5377969286646456,-0.8224405158422775,-0.277999484765713,-0.5179835576780127,1.416392165500946,-0.5462416865898835,-0.2798653199643158,-0.6877942829678478,-0.6319918691422104,0.21382661458227684,1
-1.3419436821033028,-0.31113764785962583,-0.277999484765713,0.23456819262236114,-0.8243223630859606,-0.38316307244647657,-0.8911794659209304,-0.6237076109770806,-0.9075973459109935,-0.49248173375315013,1
-0.03520520776548472,1.2227709560883293,-0.277999484765713,-1.7915326735709531,1.416392165500946,-0.5462416865898835,-0.4021281491556387,0.20941912490289286,-0.14968228479683987,1.237973719668646,1
1.7741249874714944,-0.8224405158422775,-0.277999484765713,1.9712260779309163,-1.0483938159446513,1.030184916796383,0.8816315573532519,1.0425458607828664,1.0216409914704885,-0.6337434034202355,3
0.2663498247740118,-0.8224405158422775,-0.277999484765713,0.5240111735071203,-0.26414373093923393,1.1932635309397899,0.14805458220531442,0.14533245291212565,0.1259231919719433,-0.24527381183575067,1
-1.3419436821033028,-0.8224405158422775,-0.277999484765713,0.23456819262236114,-0.60025091022727,-0.5462416865898835,-0.8911794659209304,-0.8159676269493822,-0.9764987151031893,-0.5984279860034641,1
0.36686816895384394,-0.8224405158422775,-0.277999484765713,0.6976769620379758,0.5201063540661832,-0.5462416865898835,0.27031741139663734,-0.1110142350509431,0.1259231919719433,-0.033381307335122595,1
-0.7388336170243099,0.2001652201230258,-0.277999484765713,-1.096869519447531,-0.15210800450988876,-0.5462416865898835,-0.4021281491556387,-0.04692756306017591,-0.35638639237342723,-0.3512200640860647,1
-0.8393519612041421,-0.8224405158422775,1.386620911867848,1.0450085390996868,-0.3761794573685794,-0.5462416865898835,-1.3190993680905607,-1.5850076908385884,-1.5966110378329514,-0.3512200640860647,1
1.2715332665723336,1.734073824070981,-0.277999484765713,-0.6916493462088682,-0.3761794573685794,-0.5462416865898835,1.0650258011402363,1.234805876755168,1.15944372985488,-0.5277971511699214,1
-0.03520520776548472,-0.8224405158422775,3.051241308501409,0.7555655582149277,1.864535071218327,-0.5462416865898835,-0.7689166367296075,-2.482221098709329,-2.2856247297549093,2.12085915508793,3
1.472569954931998,-0.8224405158422775,-0.277999484765713,2.029114674107868,-1.0483938159446513,-0.274443996350872,0.759368728161929,1.0425458607828664,0.8838382530860969,-0.6690588208370069,3
0.2663498247740118,-0.8224405158422775,-0.277999484765713,0.29245678879931297,-0.936358089515306,0.9758253787485808,0.39258024058796026,0.5298524848567288,0.4704300379329222,-0.6690588208370069,1
1.57308829911183,-0.8224405158422775,-0.277999484765713,0.6976769620379758,-0.936358089515306,0.9214658407007784,1.0650258011402363,1.234805876755168,1.228345099047076,-0.6690588208370069,1
-0.33676024030498125,1.478422390079655,-0.277999484765713,-1.3284239041553385,0.29603490120749265,-0.5462416865898835,1.0650258011402363,0.33759246888442723,0.6771341455095096,2.2974362421717864,1
1.57308829911183,-0.5667890818509517,-0.277999484765713,-0.6337607500319165,0.07196344834880182,-0.002646306111860552,1.554077117905528,1.4911525647182367,1.7106546833924463,-0.280589229252522,2
1.2715332665723336,-0.8224405158422775,-0.277999484765713,-1.096869519447531,0.07196344834880182,0.2691513841271509,0.6371058989706061,0.6580258288382632,0.8838382530860969,0.17851119716550548,1
-0.03520520776548472,0.4558166541143516,-0.277999484765713,-1.2126467118014348,0.29603490120749265,-0.5462416865898835,0.20918599680097588,0.017159108930591284,0.057021822779747496,-0.20995839441897932,1
-1.7440170588226316,0.2001652201230258,-0.277999484765713,-0.402206365324109,0.5201063540661832,-0.4918821485420812,-0.7689166367296075,-0.8159676269493822,-0.9075973459109935,-0.3512200640860647,1
0.2663498247740118,-0.8224405158422775,3.051241308501409,0.9292313467457832,0.9682492597835647,-0.5462416865898835,-0.21873390536865436,-1.4568343468570542,-1.045400084295385,1.838335815753759,1
-1.0403886495638064,-0.8224405158422775,-0.277999484765713,-0.3443177691471572,-0.48821518379792467,0.7040276885095692,-0.6466538075382846,-0.6237076109770806,-0.7697946075266019,-0.5984279860034641,1
0.16583148059417963,-0.8224405158422775,-0.277999484765713,0.639788365861024,-0.936358089515306,1.1932635309397899,0.14805458220531442,0.27350579689366006,0.19482456116413907,-0.6337434034202355,1
-0.8393519612041421,1.2227709560883293,-0.277999484765713,-1.3284239041553385,0.29603490120749265,-0.5462416865898835,-0.34099673455997725,-0.1751009070417103,-0.35638639237342723,-0.49248173375315013,1
-0.8393519612041421,0.4558166541143516,-0.277999484765713,-1.096869519447531,-0.15210800450988876,-0.5462416865898835,-0.4021281491556387,-0.1751009070417103,-0.42528776156562303,-0.38653548150283606,1
-1.1409069937436387,-0.05548621386830003,-0.277999484765713,-1.4442010965092422,0.5201063540661832,-0.5462416865898835,-0.707785222133946,-0.49553426699554626,-0.7008932383344062,-0.5277971511699214,1
-0.6383152728444778,-0.05548621386830003,-0.277999484765713,1.0450085390996868,-0.15210800450988876,1.8455779875134173,-0.707785222133946,-0.5596209389863135,-0.7008932383344062,-0.6337434034202355,1
-0.8393519612041421,0.7114680881056774,-0.277999484765713,-1.5599782888631457,1.3043564390716005,-0.5462416865898835,-0.7689166367296075,-0.6237076109770806,-0.7697946075266019,-0.10401214216866529,1
-0.5377969286646456,1.2227709560883293,-0.277999484765713,-1.2126467118014348,0.9682492597835647,-0.5462416865898835,1.1872886303315593,0.46576581286596164,0.539331407125118,0.8495041280841611,1
-0.33676024030498125,1.2227709560883293,-0.277999484765713,-0.6337607500319165,0.6321420804955284,-0.5462416865898835,1.0038943865445749,0.8502858448105648,1.0905423606626843,0.2491420319990482,1
0.6684232014933404,0.2001652201230258,-0.277999484765713,1.9133374817539643,-1.272465268803342,1.410701683130999,0.5759744843749447,0.8502858448105648,0.7460355147017054,-0.6337434034202355,1
1.0704965782126692,0.4558166541143516,-0.277999484765713,-0.3443177691471572,-0.48821518379792467,-0.22008445830306972,1.0650258011402363,1.1707192047644006,1.0905423606626843,-0.49248173375315013,1
0.969978234032837,-0.8224405158422775,-0.277999484765713,1.1028971352766388,-1.0483938159446513,-0.32880353439867427,0.39258024058796026,0.5298524848567288,0.4704300379329222,-0.6337434034202355,1
0.06531313641434745,-0.8224405158422775,-0.277999484765713,1.9712260779309163,-1.272465268803342,2.334813829943638,-0.1576024907729929,0.017159108930591284,-0.14968228479683987,-0.6337434034202355,3
0.46738651313367613,-0.8224405158422775,3.051241308501409,0.5818997696840722,1.416392165500946,-0.5462416865898835,-0.1576024907729929,-1.77726770681089,-1.1143014534875808,3.6041066865923264,3
1.1710149223925013,0.4558166541143516,-0.277999484765713,-0.054874788262398035,-0.60025091022727,-0.5462416865898835,0.9427629719489135,1.1066325327736335,0.9527396222782927,-0.5631125685866928,1
1.0704965782126692,1.9897252580623066,-0.277999484765713,-0.22854057679325354,-0.60025091022727,-0.5462416865898835,1.0650258011402363,1.234805876755168,1.228345099047076,-0.5631125685866928,1
0.46738651313367613,1.478422390079655,-0.277999484765713,0.23456819262236114,-0.04007227808054335,-0.5462416865898835,0.6371058989706061,0.6580258288382632,0.6082327763173138,-0.10401214216866529,1
-0.33676024030498125,-0.5667890818509517,-0.277999484765713,0.35034538497626483,1.6404636183596362,-0.5462416865898835,0.02579175301399149,-0.23918757903247748,-0.14968228479683987,-0.3512200640860647,1
-0.13572355194531688,1.2227709560883293,-0.277999484765713,0.29245678879931297,-0.8243223630859606,-0.5462416865898835,0.27031741139663734,0.4016791408751944,0.26372593035633485,-0.5631125685866928,1
0.6684232014933404,1.2227709560883293,-0.277999484765713,0.29245678879931297,0.6321420804955284,-0.5462416865898835,0.39258024058796026,0.7861991728197976,0.6082327763173138,-0.033381307335122595,1
0.2663498247740118,1.734073824070981,-0.277999484765713,-0.6916493462088682,-0.15210800450988876,-0.5462416865898835,0.39258024058796026,0.33759246888442723,0.4015286687407264,0.0019341100816487541,1
-0.5377969286646456,0.7114680881056774,1.386620911867848,-1.0389809232705793,0.4080706276368378,-0.5462416865898835,-0.03533966158166997,-0.431447595004779,-0.35638639237342723,0.637611623583533,1
-0.23624189612514906,0.9671195220970032,-0.277999484765713,0.29245678879931297,0.07196344834880182,-0.5462416865898835,0.14805458220531442,0.27350579689366006,0.19482456116413907,-0.38653548150283606,1
0.7689415456731726,-0.8224405158422775,-0.277999484765713,1.1607857314535905,-1.0483938159446513,1.8455779875134173,0.3314488259922988,0.4016791408751944,0.33262729954853065,-0.6337434034202355,2
-0.6383152728444778,1.2227709560883293,-0.277999484765713,-0.6916493462088682,-0.15210800450988876,-0.5462416865898835,-0.2798653199643158,0.20941912490289286,-0.2874850231812314,0.2844574494158195,1
-1.3419436821033028,-0.8224405158422775,-0.277999484765713,0.35034538497626483,-0.7122866366566154,-0.4375226104942789,-0.9523108805165919,-1.0082276429216839,-1.1832028226797766,-0.5984279860034641,1
2.075680020010991,0.9671195220970032,-0.277999484765713,-0.11276338443934987,-0.60025091022727,-0.5462416865898835,1.4318142887142051,2.003845940644374,1.848457421776838,-0.31590464666929335,1
0.06531313641434745,-0.05548621386830003,8.045102498402093,0.9871199429227351,0.4080706276368378,-0.5462416865898835,-3.0307789767690814,-2.161787738755493,-2.4923288373314967,2.438697911838872,3
0.5679048573135083,0.4558166541143516,-0.277999484765713,-0.5758721538549646,-0.04007227808054335,-0.5462416865898835,0.20918599680097588,0.5298524848567288,0.4704300379329222,-0.20995839441897932,1
0.6684232014933404,-0.8224405158422775,-0.277999484765713,1.7396716932231089,-0.7122866366566154,0.3778704602227555,0.4537116551836217,0.5298524848567288,0.4704300379329222,-0.5984279860034641,1
0.8694598898530048,1.478422390079655,-0.277999484765713,-0.22854057679325354,-0.48821518379792467,-0.5462416865898835,0.6982373135662676,0.9143725168013319,0.8149368838939012,-0.5277971511699214,1
-0.13572355194531688,1.478422390079655,-0.277999484765713,-0.6916493462088682,-0.15210800450988876,-0.5462416865898835,-0.09647107617733143,0.27350579689366006,0.1259231919719433,-0.3512200640860647,1
1.472569954931998,-0.5667890818509517,-0.277999484765713,-0.054874788262398035,-0.7122866366566154,2.3891733679914404,1.3706828741185437,1.4911525647182367,1.503950575815859,-0.5984279860034641,1
1.2715332665723336,-0.8224405158422775,-0.277999484765713,1.7396716932231089,-1.1604295423739965,2.7696901343260563,0.5759744843749447,0.7221125008290303,0.6082327763173138,-0.6690588208370069,2
-2.7492005006209532,-0.8224405158422775,-0.277999484765713,0.9292313467457832,-0.8243223630859606,-0.5462416865898835,-1.5636250264732066,-1.5850076908385884,-1.8033151454095386,-0.6337434034202355,1
1.3720516107521656,-0.8224405158422775,-0.277999484765713,1.1028971352766388,-1.0483938159446513,0.3235109221749532,0.6371058989706061,0.7221125008290303,0.6771341455095096,-0.6337434034202355,2
-1.1409069937436387,0.2001652201230258,-0.277999484765713,-0.9232037309166756,-0.04007227808054335,-0.5462416865898835,-1.0745737097079149,-0.751880954958615,-0.9764987151031893,-0.49248173375315013,1
-0.23624189612514906,1.734073824070981,-0.277999484765713,-1.2705353079783865,-0.04007227808054335,-0.5462416865898835,-0.09647107617733143,0.4016791408751944,0.19482456116413907,-0.3512200640860647,1
0.6684232014933404,-0.8224405158422775,-0.277999484765713,-0.28642917297020537,0.07196344834880182,0.3235109221749532,0.8205001427575905,0.9784591887920991,0.8838382530860969,-0.5277971511699214,2
1.0704965782126692,0.4558166541143516,-0.277999484765713,-0.8074265385627719,-0.26414373093923393,-0.5462416865898835,0.9427629719489135,1.234805876755168,1.15944372985488,-0.24527381183575067,1
1.2715332665723336,-0.8224405158422775,-0.277999484765713,1.0450085390996868,-0.936358089515306,1.1932635309397899,0.9427629719489135,1.0425458607828664,1.0905423606626843,-0.6337434034202355,2
-0.6383152728444778,0.7114680881056774,-0.277999484765713,0.060902404091505644,-0.26414373093923393,-0.5462416865898835,-0.6466538075382846,-0.1751009070417103,-0.2874850231812314,-0.280589229252522,1
0.46738651313367613,-0.05548621386830003,-0.277999484765713,0.17667959644540931,1.0802849862129096,-0.5462416865898835,0.02579175301399149,0.017159108930591284,0.1259231919719433,0.2491420319990482,1
0.2663498247740118,1.2227709560883293,-0.277999484765713,-0.28642917297020537,-0.7122866366566154,0.5409490743661624,0.20918599680097588,0.5298524848567288,0.4015286687407264,-0.5631125685866928,1
0.06531313641434745,-0.8224405158422775,-0.277999484765713,-1.096869519447531,0.6321420804955284,-0.5462416865898835,0.6371058989706061,-0.1110142350509431,0.1259231919719433,1.6617587286699023,1
-2.3471271239016245,-0.05548621386830003,3.051241308501409,1.2186743276305423,1.9765707976476725,-0.5462416865898835,-2.847384732982097,-3.3794345065800697,-2.974638421676867,0.8141887106673897,3
-1.1409069937436387,-0.31113764785962583,-0.277999484765713,-2.0230870582787603,2.5367494297943987,-0.5462416865898835,-0.9523108805165919,-1.0082276429216839,-1.1143014534875808,2.12085915508793,1
-0.23624189612514906,-0.8224405158422775,-0.277999484765713,-1.0389809232705793,0.8562135333542192,-0.32880353439867427,-0.1576024907729929,-0.9441409709309165,-0.42528776156562303,1.8736512331705304,1
1.472569954931998,-0.31113764785962583,-0.277999484765713,0.4082339811532167,-0.7122866366566154,0.2691513841271509,0.9427629719489135,1.1066325327736335,1.0905423606626843,-0.5631125685866928,1
-1.2414253379234708,-0.05548621386830003,-0.277999484765713,-1.2705353079783865,0.18399917477814723,-0.5462416865898835,-0.9523108805165919,-1.4568343468570542,-1.4588082994485598,0.531665371333219,1
0.2663498247740118,-0.31113764785962583,-0.277999484765713,-0.1706519806163017,-0.7122866366566154,0.2147918460793486,0.27031741139663734,0.33759246888442723,0.26372593035633485,-0.6337434034202355,1
-1.1409069937436387,-0.5667890818509517,-0.277999484765713,-1.4442010965092422,0.4080706276368378,-0.5462416865898835,-0.7689166367296075,-0.6877942829678478,-0.8386959767187977,-0.5631125685866928,1
-0.23624189612514906,-0.5667890818509517,3.051241308501409,-1.0389809232705793,0.7441778069248738,-0.5462416865898835,-0.5243909783469617,-1.4568343468570542,-0.7008932383344062,2.968429173090442,3
-0.7388336170243099,-0.8224405158422775,-0.277999484765713,0.5240111735071203,-0.936358089515306,1.030184916796383,-0.5243909783469617,-0.431447595004779,-0.5630904999500146,-0.6337434034202355,1
-2.1460904355419603,-0.31113764785962583,-0.277999484765713,-1.7336440773940014,0.7441778069248738,-0.5462416865898835,-1.5636250264732066,-1.6490943628293557,-1.8722165146017344,-0.3512200640860647,1
-1.0403886495638064,1.9897252580623066,-0.277999484765713,0.4661225773301685,0.8562135333542192,-0.5462416865898835,-0.2798653199643158,-0.1110142350509431,-0.14968228479683987,-0.38653548150283606,1
-1.3419436821033028,-0.05548621386830003,-0.277999484765713,-0.5758721538549646,-0.26414373093923393,-0.5462416865898835,-0.6466538075382846,-0.49553426699554626,-0.6319918691422104,-0.5984279860034641,1
-0.5377969286646456,-0.8224405158422775,-0.277999484765713,-0.054874788262398035,0.8562135333542192,-0.5462416865898835,-0.5243909783469617,-0.751880954958615,-0.7008932383344062,-0.06869672475189394,1
-0.5377969286646456,-0.8224405158422775,-0.277999484765713,0.9292313467457832,1.6404636183596362,-0.5462416865898835,-0.6466538075382846,-1.3286610028755197,-0.6319918691422104,-0.10401214216866529,1
-0.03520520776548472,-0.8224405158422775,-0.277999484765713,0.9871199429227351,-1.0483938159446513,3.8568808952821017,-0.2798653199643158,-0.1751009070417103,-0.2874850231812314,-0.6690588208370069,3
0.46738651313367613,-0.8224405158422775,-0.277999484765713,-0.1706519806163017,-0.7122866366566154,2.6066115201826494,0.20918599680097588,0.33759246888442723,0.26372593035633485,-0.6690588208370069,1
-0.03520520776548472,-0.8224405158422775,-0.277999484765713,1.5081173085153015,0.29603490120749265,0.2147918460793486,-0.09647107617733143,-0.1110142350509431,-0.08078091560464408,-0.6337434034202355,1
0.16583148059417963,-0.31113764785962583,-0.277999484765713,-1.2126467118014348,-0.04007227808054335,-0.5462416865898835,-0.03533966158166997,0.20941912490289286,0.057021822779747496,-0.5984279860034641,1
-0.03520520776548472,-0.8224405158422775,4.715861705134969,0.7555655582149277,0.9682492597835647,-0.5462416865898835,-2.297202001621144,-1.9695277227831915,-2.078920622178322,1.1673428848351033,3
-2.1460904355419603,-0.8224405158422775,-0.277999484765713,-1.2126467118014348,-0.04007227808054335,-0.5462416865898835,-1.4413621972818835,-1.3286610028755197,-1.5277096686407556,-0.5984279860034641,1
-0.7388336170243099,0.7114680881056774,-0.277999484765713,-1.1547581156244828,-0.04007227808054335,-0.5462416865898835,-0.2798653199643158,0.017159108930591284,-0.21858365398903565,-0.31590464666929335,1
0.06531313641434745,-0.05548621386830003,-0.277999484765713,1.1607857314535905,-0.15210800450988876,-0.5462416865898835,0.02579175301399149,0.08124578092135848,-0.08078091560464408,-0.4571663163363788,1
-1.1409069937436387,0.7114680881056774,-0.277999484765713,-1.4442010965092422,0.5201063540661832,-0.5462416865898835,-0.4021281491556387,-0.431447595004779,-0.5630904999500146,-0.4218508989196074,1
1.0704965782126692,-0.8224405158422775,-0.277999484765713,0.639788365861024,-0.8243223630859606,-0.4918821485420812,0.3314488259922988,0.46576581286596164,0.4015286687407264,-0.6337434034202355,1
-1.3419436821033028,-0.8224405158422775,1.386620911867848,0.8713427505688314,0.18399917477814723,-0.5462416865898835,-3.1530418059604046,-2.097701066764726,-2.5612302065236925,1.5911278938363596,3
1.0704965782126692,-0.31113764785962583,-0.277999484765713,-1.2126467118014348,0.29603490120749265,-0.5462416865898835,0.759368728161929,0.8502858448105648,0.8149368838939012,-0.24527381183575067,1
1.0704965782126692,-0.8224405158422775,-0.277999484765713,0.8713427505688314,-0.936358089515306,-0.274443996350872,0.9427629719489135,1.234805876755168,1.15944372985488,-0.6690588208370069,2
1.0704965782126692,1.2227709560883293,-0.277999484765713,1.5081173085153015,-0.7122866366566154,-0.5462416865898835,1.1261572157358979,1.234805876755168,1.2972464682392717,-0.49248173375315013,1
1.0704965782126692,-0.5667890818509517,-0.277999484765713,1.0450085390996868,2.5367494297943987,-0.5462416865898835,0.4537116551836217,-1.7131810348201228,0.7460355147017054,0.6729270410003043,1
0.46738651313367613,0.9671195220970032,-0.277999484765713,0.639788365861024,-0.8243223630859606,-0.5462416865898835,0.8816315573532519,1.4270658927274695,1.15944372985488,-0.06869672475189394,1
0.969978234032837,-0.8224405158422775,-0.277999484765713,1.1607857314535905,-1.0483938159446513,-0.22008445830306972,0.39258024058796026,0.593939156847496,0.4704300379329222,-0.6337434034202355,1
-0.33676024030498125,0.2001652201230258,-0.277999484765713,0.060902404091505644,-0.7122866366566154,1.1932635309397899,-0.03533966158166997,0.08124578092135848,-0.011879546412448292,-0.5984279860034641,1
0.46738651313367613,3.267982428018936,-0.277999484765713,0.23456819262236114,-0.48821518379792467,-0.5462416865898835,0.5759744843749447,0.9143725168013319,0.8149368838939012,-0.4571663163363788,1
0.5679048573135083,1.478422390079655,-0.277999484765713,0.29245678879931297,0.18399917477814723,-0.32880353439867427,1.2484200449272207,0.33759246888442723,0.4704300379329222,1.34391997191896,1
-0.13572355194531688,-0.5667890818509517,-0.277999484765713,-1.096869519447531,0.29603490120749265,-0.32880353439867427,-0.09647107617733143,-0.1751009070417103,-0.14968228479683987,-0.20995839441897932,1
2.6787900850899837,1.734073824070981,-0.277999484765713,0.639788365861024,-0.60025091022727,-0.5462416865898835,2.5321797514361113,2.260192628607443,2.4685697445066,-0.174642977002208,1
-1.945053747182296,0.7114680881056774,-0.277999484765713,-1.1547581156244828,1.192320712642255,-0.5462416865898835,-1.1357051243035763,-1.072314314912451,-1.3210055610641682,-0.20995839441897932,1
-0.5377969286646456,-0.8224405158422775,3.051241308501409,-1.7915326735709531,1.7524993447889816,-0.5462416865898835,-0.2798653199643158,-1.3286610028755197,-1.1832028226797766,1.9442820680040729,1
-0.5377969286646456,1.2227709560883293,-0.277999484765713,-0.9810923270936274,0.6321420804955284,-0.5462416865898835,-0.03533966158166997,-0.49553426699554626,-0.14968228479683987,1.0613966325847892,1
-0.13572355194531688,0.4558166541143516,-0.277999484765713,-1.2705353079783865,0.18399917477814723,-0.5462416865898835,0.20918599680097588,0.20941912490289286,0.1259231919719433,-0.10401214216866529,1
0.36686816895384394,-0.8224405158422775,-0.277999484765713,1.6238945008692052,-1.272465268803342,1.3019826070353946,0.02579175301399149,0.27350579689366006,0.1259231919719433,-0.6337434034202355,2
1.2715332665723336,1.9897252580623066,-0.277999484765713,-0.402206365324109,0.6321420804955284,-0.5462416865898835,1.0038943865445749,1.0425458607828664,1.15944372985488,-0.10401214216866529,1
-2.3471271239016245,0.4558166541143516,-0.277999484765713,0.9292313467457832,0.29603490120749265,-0.5462416865898835,-1.747019270260191,-1.3286610028755197,-1.8033151454095386,0.531665371333219,1
-0.23624189612514906,-0.8224405158422775,-0.277999484765713,-0.8653151347397238,0.5201063540661832,-0.22008445830306972,-0.1576024907729929,-0.9441409709309165,-0.35638639237342723,1.8030203983369877,1
-0.13572355194531688,-0.8224405158422775,-0.277999484765713,-0.6916493462088682,-0.15210800450988876,-0.002646306111860552,-0.09647107617733143,-0.23918757903247748,-0.14968228479683987,-0.280589229252522,1
1.2715332665723336,0.4558166541143516,-0.277999484765713,-1.1547581156244828,0.18399917477814723,-0.5462416865898835,1.0650258011402363,1.1066325327736335,1.15944372985488,-0.38653548150283606,1
-1.1409069937436387,0.7114680881056774,-0.277999484765713,-1.4442010965092422,0.4080706276368378,-0.5462416865898835,-0.4021281491556387,-0.36736092301401185,-0.4941891307578188,-0.5277971511699214,1
-0.33676024030498125,3.01233099402761,-0.277999484765713,-0.9232037309166756,1.416392165500946,-0.5462416865898835,1.1872886303315593,1.0425458607828664,1.228345099047076,0.17851119716550548,1
0.969978234032837,0.2001652201230258,-0.277999484765713,-1.4442010965092422,0.5201063540661832,-0.5462416865898835,0.8205001427575905,0.9143725168013319,0.9527396222782927,0.35508828424936223,1
-1.3419436821033028,0.2001652201230258,-0.277999484765713,0.17667959644540931,0.29603490120749265,-0.16572492025526742,-0.7689166367296075,-0.5596209389863135,-0.7697946075266019,-0.174642977002208,1
-0.4372785844848134,-0.8224405158422775,-0.277999484765713,1.2765629238074943,-1.1604295423739965,0.2147918460793486,0.08692316760965295,0.017159108930591284,-0.14968228479683987,-0.5277971511699214,2
-0.5377969286646456,-0.8224405158422775,3.051241308501409,1.0450085390996868,1.416392165500946,-0.5462416865898835,-2.11380775783416,-2.738567786672398,-1.6655124070251472,0.3197728668325909,3
0.16583148059417963,-0.8224405158422775,-0.277999484765713,1.2765629238074943,-1.1604295423739965,3.693802281138695,-0.09647107617733143,0.08124578092135848,-0.08078091560464408,-0.6690588208370069,3
-0.5377969286646456,-0.8224405158422775,-0.277999484765713,1.334451519984446,0.6321420804955284,0.3235109221749532,-0.4632595637513002,-0.49553426699554626,-0.4941891307578188,-0.6337434034202355,1
-0.8393519612041421,-0.8224405158422775,-0.277999484765713,1.1028971352766388,-1.1604295423739965,1.954297063609022,-0.7689166367296075,-0.6877942829678478,-0.8386959767187977,-0.6690588208370069,2
0.6684232014933404,-0.05548621386830003,-0.277999484765713,-0.5179835576780127,2.424713703365054,-0.5462416865898835,0.3314488259922988,0.4016791408751944,0.4704300379329222,0.21382661458227684,1
-0.6383152728444778,-0.8224405158422775,-0.277999484765713,0.7555655582149277,-0.7122866366566154,2.715330596278254,-0.9523108805165919,-0.6877942829678478,-0.9075973459109935,-0.6337434034202355,1
0.46738651313367613,3.01233099402761,-0.277999484765713,0.23456819262236114,-0.48821518379792467,-0.5462416865898835,0.5759744843749447,0.8502858448105648,0.7460355147017054,-0.49248173375315013,1
-0.9398703053839742,-0.8224405158422775,-0.277999484765713,0.6976769620379758,-0.8243223630859606,-0.5462416865898835,-0.5243909783469617,-0.36736092301401185,-0.5630904999500146,-0.6690588208370069,1
0.2663498247740118,-0.8224405158422775,-0.277999484765713,0.35034538497626483,-0.936358089515306,1.4650612211788014,0.39258024058796026,0.46576581286596164,0.4015286687407264,-0.6690588208370069,1
-0.5377969286646456,0.2001652201230258,-0.277999484765713,0.4082339811532167,-0.8243223630859606,-0.5462416865898835,0.14805458220531442,0.20941912490289286,0.057021822779747496,-0.49248173375315013,1
-0.13572355194531688,2.5010281260449583,-0.277999484765713,-0.9810923270936274,-0.04007227808054335,-0.5462416865898835,0.4537116551836217,0.46576581286596164,0.4015286687407264,-0.38653548150283606,1
0.5679048573135083,1.9897252580623066,-0.277999484765713,0.17667959644540931,0.18399917477814723,-0.5462416865898835,0.5759744843749447,0.20941912490289286,0.33262729954853065,0.637611623583533,1
1.57308829911183,-0.8224405158422775,-0.277999484765713,-0.4600949615010609,1.3043564390716005,0.8127467646051738,1.0650258011402363,0.27350579689366006,1.0216409914704885,2.756536668589814,1
1.472569954931998,-0.8224405158422775,-0.277999484765713,-0.3443177691471572,-0.60025091022727,1.030184916796383,1.0038943865445749,1.1707192047644006,1.0905423606626843,-0.6690588208370069,1
0.969978234032837,-0.8224405158422775,-0.277999484765713,0.5240111735071203,-0.8243223630859606,-0.5462416865898835,0.6371058989706061,0.9143725168013319,0.8149368838939012,-0.6337434034202355,1
0.06531313641434745,1.2227709560883293,-0.277999484765713,0.6976769620379758,-0.26414373093923393,-0.5462416865898835,0.8205001427575905,0.6580258288382632,0.9527396222782927,0.8848195455009324,1
-1.2414253379234708,0.2001652201230258,-0.277999484765713,0.5240111735071203,0.07196344834880182,-0.5462416865898835,-0.8300480513252689,-0.751880954958615,-0.9075973459109935,0.14319577974873415,1
-0.8393519612041421,0.4558166541143516,-0.277999484765713,1.1028971352766388,3.0969280619411252,-0.274443996350872,-0.2798653199643158,-0.5596209389863135,-0.2874850231812314,-0.6337434034202355,1
0.06531313641434745,0.4558166541143516,-0.277999484765713,0.8134541543918795,-0.26414373093923393,-0.5462416865898835,0.27031741139663734,0.5298524848567288,0.6082327763173138,-0.06869672475189394,1
-0.03520520776548472,-0.8224405158422775,-0.277999484765713,0.8134541543918795,-0.936358089515306,-0.32880353439867427,-0.1576024907729929,0.017159108930591284,-0.14968228479683987,-0.6690588208370069,2
2.075680020010991,0.7114680881056774,-0.277999484765713,0.060902404091505644,-0.7122866366566154,-0.5462416865898835,1.4318142887142051,1.8756725966628398,1.7795560525846421,-0.38653548150283606,1
1.8746433316513265,-0.8224405158422775,-0.277999484765713,0.8134541543918795,-1.0483938159446513,3.4763641289474863,1.3706828741185437,1.4911525647182367,1.503950575815859,-0.6337434034202355,3
-1.8445354030024639,0.7114680881056774,-0.277999484765713,-1.3284239041553385,0.07196344834880182,-0.5462416865898835,-1.5636250264732066,-0.9441409709309165,-1.1832028226797766,-0.10401214216866529,1
-0.4372785844848134,-0.8224405158422775,3.051241308501409,1.0450085390996868,1.6404636183596362,-0.5462416865898835,-1.9915449286428368,-3.1230878186170012,-1.8033151454095386,-0.20995839441897932,3
-1.0403886495638064,1.2227709560883293,-0.277999484765713,-0.4600949615010609,0.18399917477814723,-0.5462416865898835,-0.5243909783469617,-0.431447595004779,-0.5630904999500146,-0.3512200640860647,1
-0.5377969286646456,-0.05548621386830003,4.715861705134969,-0.9810923270936274,0.7441778069248738,-0.5462416865898835,-0.5243909783469617,-1.4568343468570542,-0.6319918691422104,2.968429173090442,2
0.16583148059417963,1.478422390079655,-0.277999484765713,-1.3284239041553385,1.3043564390716005,-0.5462416865898835,0.3314488259922988,0.5298524848567288,0.539331407125118,-0.13932755958543663,1
0.36686816895384394,-0.5667890818509517,-0.277999484765713,0.8134541543918795,-1.0483938159446513,1.8999375255612196,0.27031741139663734,0.33759246888442723,0.26372593035633485,-0.6690588208370069,2
-0.4372785844848134,0.9671195220970032,-0.277999484765713,-1.3863125003322903,0.18399917477814723,-0.5462416865898835,-0.2798653199643158,0.27350579689366006,0.19482456116413907,-0.280589229252522,1
-1.0403886495638064,0.2001652201230258,-0.277999484765713,-1.3284239041553385,-0.04007227808054335,-0.5462416865898835,-1.0134422951122533,-0.751880954958615,-0.9075973459109935,-0.4218508989196074,1
-0.33676024030498125,-0.31113764785962583,-0.277999484765713,0.29245678879931297,1.864535071218327,-0.5462416865898835,0.08692316760965295,-0.36736092301401185,-0.21858365398903565,-0.13932755958543663,1
-0.7388336170243099,-0.05548621386830003,-0.277999484765713,-0.3443177691471572,0.8562135333542192,-0.5462416865898835,-0.5243909783469617,-0.36736092301401185,-0.42528776156562303,0.0019341100816487541,1
-0.7388336170243099,-0.05548621386830003,-0.277999484765713,-0.9810923270936274,-0.15210800450988876,-0.5462416865898835,-0.09647107617733143,-0.23918757903247748,-0.2874850231812314,-0.4218508989196074,1
0.06531313641434745,-0.8224405158422775,-0.277999484765713,2.08700327028482,-1.272465268803342,2.932768748469463,-0.1576024907729929,-0.04692756306017591,-0.14968228479683987,-0.6690588208370069,3
0.8694598898530048,2.756679560036284,-0.277999484765713,-0.5179835576780127,-0.04007227808054335,-0.5462416865898835,2.5933111660317727,2.32427930059821,2.6063724828909915,0.1078803623319628,1
-0.03520520776548472,-0.8224405158422775,-0.277999484765713,-0.22854057679325354,-0.60025091022727,1.0845444548441854,0.4537116551836217,0.33759246888442723,0.33262729954853065,-0.5277971511699214,2
-0.7388336170243099,0.4558166541143516,-0.277999484765713,-0.3443177691471572,-0.04007227808054335,-0.4375226104942789,-0.5243909783469617,-0.1110142350509431,-0.35638639237342723,-0.280589229252522,1
1.1710149223925013,-0.8224405158422775,-0.277999484765713,-0.3443177691471572,-0.15210800450988876,-0.5462416865898835,0.4537116551836217,0.8502858448105648,0.7460355147017054,-0.4571663163363788,1
0.06531313641434745,1.478422390079655,-0.277999484765713,0.7555655582149277,-0.15210800450988876,-0.5462416865898835,1.1261572157358979,0.6580258288382632,1.0905423606626843,1.7677049809202163,1
0.6684232014933404,-0.31113764785962583,-0.277999484765713,0.9871199429227351,-0.15210800450988876,-0.5462416865898835,0.3314488259922988,0.017159108930591284,0.26372593035633485,0.0019341100816487541,1
-0.5377969286646456,1.2227709560883293,1.386620911867848,-1.5599782888631457,0.9682492597835647,-0.5462416865898835,-0.21873390536865436,-0.5596209389863135,-0.35638639237342723,0.9907657977512465,1
-0.4372785844848134,1.478422390079655,-0.277999484765713,-0.6337607500319165,0.18399917477814723,-0.5462416865898835,2.9600996536057416,1.234805876755168,0.6082327763173138,4.875461713596095,1
-1.1409069937436387,-0.8224405158422775,-0.277999484765713,-1.502089692686194,0.6321420804955284,-0.5462416865898835,-0.6466538075382846,-1.2645743308847526,-1.4588082994485598,0.3904037016661336,1
0.46738651313367613,2.756679560036284,-0.277999484765713,0.23456819262236114,-0.48821518379792467,-0.5462416865898835,0.5759744843749447,0.8502858448105648,0.7460355147017054,-0.49248173375315013,1
1.1710149223925013,2.756679560036284,-0.277999484765713,-0.402206365324109,-0.26414373093923393,-0.5462416865898835,1.676339947096851,1.8115859246720727,1.848457421776838,-0.280589229252522,1
0.36686816895384394,-0.8224405158422775,-0.277999484765713,0.639788365861024,0.6321420804955284,-0.5462416865898835,0.27031741139663734,-0.04692756306017591,0.19482456116413907,-0.174642977002208,1
0.6684232014933404,2.5010281260449583,-0.277999484765713,0.5240111735071203,0.07196344834880182,-0.5462416865898835,2.348785507649127,1.8115859246720727,1.9862601601612295,0.5669807887499904,1
-0.5377969286646456,-0.8224405158422775,-0.277999484765713,1.5081173085153015,-1.272465268803342,1.1932635309397899,-0.5243909783469617,-0.1751009070417103,-0.35638639237342723,-0.5631125685866928,2
1.0704965782126692,-0.8224405158422775,-0.277999484765713,1.8554488855770126,-1.1604295423739965,3.6394427430908927,0.4537116551836217,0.593939156847496,0.539331407125118,-0.6337434034202355,3
0.06531313641434745,-0.5667890818509517,4.715861705134969,-1.0389809232705793,5.561714043386723,-0.5462416865898835,-4.070013024895326,-1.77726770681089,-2.2167233605627135,6.923755923768833,3
-0.13572355194531688,-0.31113764785962583,1.386620911867848,-0.74953794238582,-0.15210800450988876,-0.5462416865898835,-2.3583334162168055,-0.6877942829678478,-0.4941891307578188,3.4275295995084694,2
1.2715332665723336,0.7114680881056774,-0.277999484765713,-1.1547581156244828,-0.04007227808054335,-0.5462416865898835,1.1872886303315593,1.3629792207367022,1.2972464682392717,-0.49248173375315013,1
-1.1409069937436387,0.4558166541143516,-0.277999484765713,-0.9232037309166756,-0.15210800450988876,-0.5462416865898835,-0.2798653199643158,-0.3032742510232447,-0.2874850231812314,-0.24527381183575067,1
0.06531313641434745,-0.05548621386830003,-0.277999484765713,0.5240111735071203,2.0886065240770177,-0.5462416865898835,0.02579175301399149,0.017159108930591284,0.057021822779747496,0.21382661458227684,1
-0.33676024030498125,0.7114680881056774,-0.277999484765713,0.5818997696840722,0.7441778069248738,-0.5462416865898835,-1.0134422951122533,-1.2645743308847526,-1.1143014534875808,2.6505904163395,1
-0.23624189612514906,0.9671195220970032,-0.277999484765713,-0.74953794238582,0.9682492597835647,-0.5462416865898835,-0.2798653199643158,0.017159108930591284,-0.08078091560464408,0.1078803623319628,1
-0.6383152728444778,1.9897252580623066,-0.277999484765713,-0.5179835576780127,0.07196344834880182,-0.5462416865898835,-0.5243909783469617,0.593939156847496,0.19482456116413907,0.9201349629177038,1
1.0704965782126692,-0.8224405158422775,-0.277999484765713,-0.8074265385627719,-0.15210800450988876,-0.4375226104942789,0.9427629719489135,0.7861991728197976,0.9527396222782927,0.0019341100816487541,1
-0.33676024030498125,2.2453766920536324,-0.277999484765713,0.17667959644540931,0.07196344834880182,-0.5462416865898835,0.39258024058796026,0.46576581286596164,0.4015286687407264,-0.31590464666929335,1
1.0704965782126692,-0.8224405158422775,-0.277999484765713,1.6238945008692052,-1.1604295423739965,2.6066115201826494,0.8205001427575905,0.9784591887920991,0.9527396222782927,-0.6690588208370069,2
1.472569954931998,-0.8224405158422775,-0.277999484765713,-0.1706519806163017,-0.8243223630859606,0.3235109221749532,1.554077117905528,1.6834125806905382,1.7106546833924463,-0.6690588208370069,2
0.5679048573135083,-0.8224405158422775,-0.277999484765713,0.8713427505688314,-0.7122866366566154,0.9214658407007784,0.6371058989706061,0.7861991728197976,0.6771341455095096,-0.5984279860034641,1
-0.33676024030498125,-0.8224405158422775,-0.277999484765713,-0.9232037309166756,-0.26414373093923393,-0.5462416865898835,-0.4021281491556387,-0.1751009070417103,-0.35638639237342723,-0.6337434034202355,1
1.1710149223925013,-0.31113764785962583,-0.277999484765713,0.17667959644540931,-0.7122866366566154,0.10607276998374403,0.9427629719489135,1.298892548745935,1.228345099047076,-0.5631125685866928,2
-0.13572355194531688,1.2227709560883293,-0.277999484765713,-1.2705353079783865,0.18399917477814723,-0.5462416865898835,1.3706828741185437,0.20941912490289286,0.7460355147017054,3.5334758517587836,1
-1.1409069937436387,-0.8224405158422775,-0.277999484765713,-0.6337607500319165,-0.3761794573685794,0.10607276998374403,-0.8911794659209304,-1.1364009869032181,-1.1832028226797766,-0.31590464666929335,1
-1.2414253379234708,0.4558166541143516,-0.277999484765713,0.4661225773301685,0.5201063540661832,-0.5462416865898835,-0.8300480513252689,-0.8159676269493822,-0.8386959767187977,0.4963499539164476,1
-0.8393519612041421,-0.8224405158422775,1.386620911867848,1.0450085390996868,-0.04007227808054335,-0.5462416865898835,-1.6858878556645294,-1.5209210188478213,-1.734413776217343,-0.38653548150283606,1
-0.23624189612514906,-0.8224405158422775,-0.277999484765713,-0.4600949615010609,-0.3761794573685794,-0.22008445830306972,-0.1576024907729929,-0.6877942829678478,-0.2874850231812314,0.7082424584170757,1
-0.6383152728444778,1.734073824070981,-0.277999484765713,-0.9810923270936274,0.07196344834880182,-0.5462416865898835,-0.21873390536865436,0.20941912490289286,-0.08078091560464408,-0.033381307335122595,1
-0.13572355194531688,-0.5667890818509517,-0.277999484765713,-1.0389809232705793,0.18399917477814723,-0.4918821485420812,-0.2798653199643158,-0.36736092301401185,-0.2874850231812314,0.14319577974873415,1
0.969978234032837,-0.8224405158422775,-0.277999484765713,0.9292313467457832,-0.936358089515306,1.3563421450831967,0.5759744843749447,0.7221125008290303,0.6771341455095096,-0.6690588208370069,2
-1.8445354030024639,-0.31113764785962583,-0.277999484765713,-1.6178668850400977,0.4080706276368378,-0.5462416865898835,-1.0745737097079149,-1.072314314912451,-1.1832028226797766,-0.49248173375315013,1
0.5679048573135083,1.478422390079655,-0.277999484765713,0.4082339811532167,-0.3761794573685794,-0.5462416865898835,0.39258024058796026,0.9784591887920991,0.8149368838939012,0.21382661458227684,1
1.2715332665723336,-0.8224405158422775,-0.277999484765713,1.8554488855770126,-1.272465268803342,2.4978924440870447,0.39258024058796026,0.5298524848567288,0.4704300379329222,-0.6690588208370069,2
0.6684232014933404,-0.8224405158422775,-0.277999484765713,0.7555655582149277,0.18399917477814723,-0.5462416865898835,0.27031741139663734,-0.6877942829678478,0.26372593035633485,0.21382661458227684,1
0.8694598898530048,-0.8224405158422775,-0.277999484765713,1.2186743276305423,-1.1604295423739965,1.5194207592266036,0.27031741139663734,0.46576581286596164,0.33262729954853065,-0.6690588208370069,2
0.46738651313367613,-0.8224405158422775,-0.277999484765713,-0.28642917297020537,-0.7122866366566154,2.0630161397046267,0.20918599680097588,0.27350579689366006,0.26372593035633485,-0.6337434034202355,1
-1.1409069937436387,-0.8224405158422775,-0.277999484765713,-1.1547581156244828,-0.15210800450988876,-0.5462416865898835,-1.0745737097079149,-0.9441409709309165,-1.045400084295385,-0.5277971511699214,1
0.46738651313367613,0.2001652201230258,-0.277999484765713,-0.054874788262398035,-0.3761794573685794,0.3235109221749532,0.8205001427575905,0.593939156847496,0.8838382530860969,0.3904037016661336,1
0.46738651313367613,-0.8224405158422775,-0.277999484765713,-0.054874788262398035,-0.7122866366566154,2.334813829943638,0.20918599680097588,0.20941912490289286,0.19482456116413907,-0.5984279860034641,1
0.06531313641434745,0.4558166541143516,-0.277999484765713,0.35034538497626483,0.5201063540661832,-0.5462416865898835,0.3314488259922988,-0.1110142350509431,0.1259231919719433,0.35508828424936223,1
0.6684232014933404,-0.8224405158422775,-0.277999484765713,1.2765629238074943,-1.1604295423739965,0.5953086124139646,0.20918599680097588,0.4016791408751944,0.26372593035633485,-0.6337434034202355,2
-0.6383152728444778,0.9671195220970032,-0.277999484765713,-0.74953794238582,-0.3761794573685794,-0.5462416865898835,-0.4021281491556387,0.08124578092135848,-0.2874850231812314,-0.13932755958543663,1
-1.4424620262831351,-0.05548621386830003,-0.277999484765713,-1.2126467118014348,0.18399917477814723,-0.5462416865898835,-0.6466538075382846,-0.8159676269493822,-0.9075973459109935,-0.38653548150283606,1
-1.8445354030024639,0.9671195220970032,-0.277999484765713,-1.5599782888631457,0.29603490120749265,-0.5462416865898835,-1.0745737097079149,-0.8800542989401494,-1.1832028226797766,-0.38653548150283606,1
-0.8393519612041421,-0.5667890818509517,-0.277999484765713,0.8713427505688314,0.29603490120749265,-0.5462416865898835,-0.4632595637513002,-1.072314314912451,-0.9075973459109935,0.3904037016661336,1
-0.33676024030498125,-0.5667890818509517,1.386620911867848,0.8713427505688314,0.9682492597835647,-0.5462416865898835,-4.7424585854476025,-2.9308278026446994,-1.734413776217343,8.15979553335583,3
0.5679048573135083,-0.8224405158422775,-0.277999484765713,-0.5179835576780127,0.18399917477814723,-0.5462416865898835,-0.2798653199643158,0.08124578092135848,-0.011879546412448292,-0.4571663163363788,1
1.0704965782126692,-0.05548621386830003,-0.277999484765713,-0.402206365324109,-0.60025091022727,-0.274443996350872,1.1872886303315593,1.1707192047644006,1.15944372985488,-0.49248173375315013,1
-0.33676024030498125,0.4558166541143516,-0.277999484765713,1.4502287123383497,-0.48821518379792467,-0.11136538220746513,0.08692316760965295,0.27350579689366006,0.1259231919719433,-0.5631125685866928,1
-1.3419436821033028,0.2001652201230258,-0.277999484765713,0.5240111735071203,-0.936358089515306,-0.5462416865898835,-0.7689166367296075,-0.6237076109770806,-0.8386959767187977,-0.5631125685866928,1
-0.5377969286646456,-0.8224405158422775,-0.277999484765713,1.5660059046922534,-1.272465268803342,1.8999375255612196,-0.2798653199643158,-0.3032742510232447,-0.42528776156562303,-0.6337434034202355,2
-0.03520520776548472,2.756679560036284,-0.277999484765713,-0.9232037309166756,0.07196344834880182,-0.5462416865898835,1.554077117905528,1.0425458607828664,1.0905423606626843,0.42571911908290494,1
-0.8393519612041421,-0.8224405158422775,1.386620911867848,1.0450085390996868,-0.04007227808054335,-0.5462416865898835,-1.3190993680905607,-1.5209210188478213,-1.5277096686407556,-0.38653548150283606,1
1.472569954931998,-0.8224405158422775,-0.277999484765713,1.334451519984446,-1.1604295423739965,3.2045664387084747,0.759368728161929,0.8502858448105648,0.8149368838939012,-0.6690588208370069,3
-2.7492005006209532,1.9897252580623066,-0.277999484765713,0.8713427505688314,0.07196344834880182,-0.5462416865898835,-1.8692820994515138,-1.1364009869032181,-1.5277096686407556,0.4610345364996763,1
-1.0403886495638064,-0.8224405158422775,-0.277999484765713,1.4502287123383497,-1.1604295423739965,2.6066115201826494,-0.8911794659209304,-0.751880954958615,-0.9764987151031893,-0.6337434034202355,2
0.2663498247740118,2.5010281260449583,-0.277999484765713,-1.4442010965092422,1.0802849862129096,-0.5462416865898835,0.4537116551836217,0.593939156847496,0.4704300379329222,-0.4571663163363788,1
-0.13572355194531688,-0.8224405158422775,6.38048210176853,-0.6916493462088682,1.5284278919302914,-0.5462416865898835,-3.8254873665126805,-2.8667411306539323,-4.145961697944196,3.0037445905072135,3
-0.4372785844848134,-0.31113764785962583,-0.277999484765713,0.003013807914553804,-0.48821518379792467,-0.5462416865898835,-0.2798653199643158,-0.1110142350509431,-0.2874850231812314,-0.5277971511699214,1
-0.4372785844848134,0.9671195220970032,-0.277999484765713,-1.4442010965092422,4.329321052663925,-0.5462416865898835,0.08692316760965295,-0.8159676269493822,-0.6319918691422104,2.368067077005329,1
-1.1409069937436387,-0.05548621386830003,-0.277999484765713,-1.502089692686194,0.7441778069248738,-0.5462416865898835,-0.707785222133946,-0.6237076109770806,-0.8386959767187977,-0.49248173375315013,1
-0.23624189612514906,1.478422390079655,-0.277999484765713,0.4661225773301685,0.7441778069248738,-0.5462416865898835,-0.34099673455997725,0.33759246888442723,0.4704300379329222,0.2491420319990482,1
-1.1409069937436387,-0.5667890818509517,-0.277999484765713,-1.502089692686194,0.4080706276368378,-0.5462416865898835,-0.7689166367296075,-0.751880954958615,-0.9075973459109935,-0.5631125685866928,1
-1.4424620262831351,0.4558166541143516,-0.277999484765713,-0.9232037309166756,0.07196344834880182,-0.5462416865898835,-0.6466538075382846,-0.49553426699554626,-0.7697946075266019,-0.4218508989196074,1
1.3720516107521656,-0.5667890818509517,-0.277999484765713,-0.054874788262398035,-0.7122866366566154,1.6824993733700104,1.1872886303315593,1.4270658927274695,1.4350492066236633,-0.6690588208370069,1
1.472569954931998,-0.31113764785962583,-0.277999484765713,1.7396716932231089,-0.936358089515306,-0.38316307244647657,0.759368728161929,1.1066325327736335,1.0216409914704885,-0.5984279860034641,1
0.8694598898530048,-0.8224405158422775,-0.277999484765713,0.639788365861024,-1.0483938159446513,0.649668150461767,0.9427629719489135,1.0425458607828664,1.0216409914704885,-0.6690588208370069,1
-0.23624189612514906,1.478422390079655,-0.277999484765713,0.4082339811532167,0.18399917477814723,-0.5462416865898835,0.8205001427575905,0.4016791408751944,0.4015286687407264,0.1078803623319628,1
-0.33676024030498125,-0.05548621386830003,1.386620911867848,-1.3863125003322903,0.6321420804955284,-0.5462416865898835,-0.2798653199643158,-0.6877942829678478,-0.6319918691422104,0.6022962061667616,1
-1.2414253379234708,2.2453766920536324,-0.277999484765713,-0.4600949615010609,-0.04007227808054335,-0.5462416865898835,-0.2798653199643158,-0.23918757903247748,-0.42528776156562303,-0.38653548150283606,1
-0.13572355194531688,0.7114680881056774,1.386620911867848,-0.9810923270936274,0.18399917477814723,-0.5462416865898835,0.4537116551836217,-0.6877942829678478,-0.4941891307578188,2.7212212511730427,1
1.0704965782126692,-0.8224405158422775,-0.277999484765713,0.8134541543918795,-0.936358089515306,-0.16572492025526742,0.39258024058796026,0.5298524848567288,0.4015286687407264,-0.6337434034202355,2
0.06531313641434745,1.478422390079655,-0.277999484765713,0.6976769620379758,-0.15210800450988876,-0.5462416865898835,0.8205001427575905,0.6580258288382632,0.8838382530860969,0.8141887106673897,1
-0.8393519612041421,0.9671195220970032,-0.277999484765713,-0.1706519806163017,-0.48821518379792467,-0.5462416865898835,0.02579175301399149,0.14533245291212565,0.057021822779747496,-0.5631125685866928,1
-2.3471271239016245,-0.05548621386830003,-0.277999484765713,0.8134541543918795,-0.48821518379792467,-0.5462416865898835,-1.5636250264732066,-1.4568343468570542,-1.8722165146017344,-0.10401214216866529,1
-1.1409069937436387,-0.05548621386830003,-0.277999484765713,-0.8653151347397238,-0.15210800450988876,-0.5462416865898835,-0.8911794659209304,-0.8159676269493822,-0.9764987151031893,-0.5277971511699214,1
0.6684232014933404,1.734073824070981,-0.277999484765713,0.5818997696840722,-0.04007227808054335,-0.5462416865898835,2.348785507649127,1.8756725966628398,2.124062898545621,0.42571911908290494,1
-0.13572355194531688,-0.8224405158422775,-0.277999484765713,-1.4442010965092422,6.233928401962795,-0.5462416865898835,-0.8911794659209304,-1.4568343468570542,-1.5966110378329514,1.6617587286699023,1
-1.1409069937436387,0.7114680881056774,-0.277999484765713,-1.5599782888631457,0.7441778069248738,-0.5462416865898835,-0.4021281491556387,-0.36736092301401185,-0.5630904999500146,-0.5277971511699214,1
-0.4372785844848134,0.7114680881056774,-0.277999484765713,0.29245678879931297,-0.8243223630859606,-0.5462416865898835,-0.2798653199643158,0.20941912490289286,-0.011879546412448292,-0.280589229252522,1
-1.2414253379234708,0.4558166541143516,-0.277999484765713,-0.5758721538549646,-0.48821518379792467,-0.5462416865898835,0.759368728161929,-0.431447595004779,-0.5630904999500146,1.732389563503445,1
-0.6383152728444778,-0.05548621386830003,-0.277999484765713,0.639788365861024,-0.936358089515306,-0.5462416865898835,-0.5243909783469617,-0.04692756306017591,-0.14968228479683987,-0.4571663163363788,1
-0.4372785844848134,-0.05548621386830003,-0.277999484765713,-1.096869519447531,-0.26414373093923393,-0.4918821485420812,-0.2798653199643158,-0.1110142350509431,-0.2874850231812314,-0.5984279860034641,1
1.2715332665723336,0.7114680881056774,-0.277999484765713,-0.5179835576780127,-0.3761794573685794,-0.5462416865898835,0.759368728161929,1.1066325327736335,1.0216409914704885,-0.49248173375315013,1
-0.23624189612514906,2.5010281260449583,-0.277999484765713,-1.096869519447531,-0.04007227808054335,-0.5462416865898835,0.3314488259922988,0.7221125008290303,0.539331407125118,-0.38653548150283606,1
1.2715332665723336,-0.8224405158422775,-0.277999484765713,1.7975602894000609,-1.272465268803342,2.5522519821348473,0.39258024058796026,0.5298524848567288,0.4704300379329222,-0.6690588208370069,2
-0.5377969286646456,0.9671195220970032,-0.277999484765713,-0.11276338443934987,1.6404636183596362,-0.4375226104942789,-0.2798653199643158,-0.1751009070417103,-0.21858365398903565,0.17851119716550548,1
-0.8393519612041421,-0.8224405158422775,-0.277999484765713,-0.8653151347397238,-0.26414373093923393,-0.38316307244647657,-0.707785222133946,-0.6237076109770806,-0.7697946075266019,-0.5984279860034641,1
-0.03520520776548472,-0.8224405158422775,-0.277999484765713,0.7555655582149277,-0.7122866366566154,2.6066115201826494,-0.2798653199643158,-0.1751009070417103,-0.2874850231812314,-0.5984279860034641,2
-1.1409069937436387,-0.8224405158422775,-0.277999484765713,-0.5758721538549646,-0.60025091022727,-0.4375226104942789,-0.8911794659209304,-0.8159676269493822,-0.9764987151031893,-0.6337434034202355,1
-0.8393519612041421,0.9671195220970032,1.386620911867848,-1.502089692686194,1.0802849862129096,-0.5462416865898835,0.3314488259922988,-0.6237076109770806,-0.2874850231812314,2.12085915508793,1
0.5679048573135083,-0.8224405158422775,-0.277999484765713,1.7396716932231089,-1.272465268803342,2.4435329060392426,0.14805458220531442,0.27350579689366006,0.19482456116413907,-0.6690588208370069,2
0.969978234032837,-0.05548621386830003,-0.277999484765713,0.17667959644540931,-0.26414373093923393,-0.38316307244647657,0.6371058989706061,0.7861991728197976,0.7460355147017054,-0.5277971511699214,1
1.57308829911183,-0.05548621386830003,-0.277999484765713,0.23456819262236114,-0.48821518379792467,-0.05700584415966284,0.9427629719489135,1.234805876755168,1.0905423606626843,-0.49248173375315013,1
-0.5377969286646456,0.7114680881056774,1.386620911867848,-1.4442010965092422,0.9682492597835647,-0.5462416865898835,0.3314488259922988,-0.5596209389863135,-0.2874850231812314,1.8030203983369877,1
0.16583148059417963,-0.8224405158422775,-0.277999484765713,0.8134541543918795,-0.936358089515306,0.5953086124139646,0.02579175301399149,0.017159108930591284,-0.08078091560464408,-0.5631125685866928,2
1.1710149223925013,2.5010281260449583,-0.277999484765713,-0.3443177691471572,-0.26414373093923393,-0.5462416865898835,1.7986027762881738,1.8756725966628398,1.9173587909690337,-0.280589229252522,1
1.57308829911183,-0.8224405158422775,-0.277999484765713,-0.28642917297020537,1.3043564390716005,0.7040276885095692,1.1261572157358979,0.46576581286596164,1.0905423606626843,2.4033824944221003,1
-1.1409069937436387,-0.05548621386830003,-0.277999484765713,-1.4442010965092422,6.34596412839214,-0.5462416865898835,-0.5243909783469617,-1.072314314912451,-0.9764987151031893,1.9795974854208442,1
1.673606643291662,-0.8224405158422775,-0.277999484765713,1.9133374817539643,-1.0483938159446513,0.7583872265573715,0.759368728161929,1.1066325327736335,1.0216409914704885,-0.5984279860034641,3
0.2663498247740118,-0.5667890818509517,-0.277999484765713,0.003013807914553804,-0.8243223630859606,1.5194207592266036,0.20918599680097588,0.4016791408751944,0.26372593035633485,-0.6690588208370069,1
-1.0403886495638064,-0.5667890818509517,-0.277999484765713,-0.4600949615010609,-0.60025091022727,0.10607276998374403,-0.707785222133946,-0.5596209389863135,-0.7697946075266019,-0.6337434034202355,1
0.36686816895384394,-0.31113764785962583,-0.277999484765713,0.8713427505688314,1.416392165500946,-0.5462416865898835,0.14805458220531442,-0.8159676269493822,0.26372593035633485,-0.38653548150283606,1
0.969978234032837,-0.8224405158422775,-0.277999484765713,1.2186743276305423,-1.1604295423739965,-0.22008445830306972,0.39258024058796026,0.593939156847496,0.539331407125118,-0.6337434034202355,1
-0.5377969286646456,0.2001652201230258,1.386620911867848,-1.2705353079783865,0.7441778069248738,-0.5462416865898835,-0.2798653199643158,-0.6237076109770806,-0.4941891307578188,0.7788732932506184,1
1.0704965782126692,-0.31113764785962583,-0.277999484765713,-0.11276338443934987,-0.7122866366566154,0.16043230803154632,1.1872886303315593,1.298892548745935,1.228345099047076,-0.49248173375315013,1
-0.5377969286646456,0.7114680881056774,-0.277999484765713,-0.8653151347397238,0.18399917477814723,-0.5462416865898835,-0.2798653199643158,-0.1110142350509431,-0.21858365398903565,-0.10401214216866529,1
-1.2414253379234708,-0.8224405158422775,-0.277999484765713,1.1607857314535905,0.8562135333542192,-0.5462416865898835,-4.314538683277973,-3.443521178570837,-3.5258493752144333,2.474013329255643,3
0.8694598898530048,-0.31113764785962583,-0.277999484765713,-0.11276338443934987,-0.7122866366566154,0.3235109221749532,0.759368728161929,0.9143725168013319,0.8149368838939012,-0.6337434034202355,1
-0.5377969286646456,0.7114680881056774,-0.277999484765713,-0.4600949615010609,-0.15210800450988876,-0.5462416865898835,-0.5243909783469617,0.20941912490289286,-0.21858365398903565,0.21382661458227684,1
-0.03520520776548472,-0.8224405158422775,3.051241308501409,0.8713427505688314,0.6321420804955284,-0.5462416865898835,-0.5855223929426231,-1.7131810348201228,-1.5277096686407556,1.838335815753759,3
-1.3419436821033028,1.478422390079655,-0.277999484765713,-1.1547581156244828,0.7441778069248738,-0.5462416865898835,-0.6466538075382846,-0.3032742510232447,-0.42528776156562303,-0.24527381183575067,1
-0.23624189612514906,1.9897252580623066,-0.277999484765713,-1.3863125003322903,0.4080706276368378,-0.5462416865898835,1.3706828741185437,1.4911525647182367,1.5728519450080547,0.14319577974873415,1
-0.03520520776548472,-0.8224405158422775,-0.277999484765713,0.8134541543918795,1.7524993447889816,-0.5462416865898835,-0.2798653199643158,-0.6877942829678478,-0.42528776156562303,-0.3512200640860647,1
-0.8393519612041421,-0.8224405158422775,-0.277999484765713,-0.5758721538549646,-0.60025091022727,0.2691513841271509,-0.4021281491556387,-0.36736092301401185,-0.4941891307578188,-0.6337434034202355,1
-1.2414253379234708,1.9897252580623066,-0.277999484765713,-0.8074265385627719,0.6321420804955284,-0.5462416865898835,0.27031741139663734,0.14533245291212565,0.1259231919719433,-0.033381307335122595,1
-2.1460904355419603,0.4558166541143516,-0.277999484765713,-1.7336440773940014,0.7441778069248738,-0.4918821485420812,-1.5636250264732066,-1.4568343468570542,-1.734413776217343,-0.3512200640860647,1
-0.03520520776548472,-0.8224405158422775,-0.277999484765713,-1.1547581156244828,0.07196344834880182,-0.4918821485420812,-0.09647107617733143,-0.04692756306017591,-0.08078091560464408,-0.5277971511699214,1
-0.03520520776548472,-0.8224405158422775,3.051241308501409,0.7555655582149277,1.5284278919302914,-0.5462416865898835,-1.1357051243035763,-2.2258744107462602,-1.8033151454095386,1.2026583022518746,3
0.36686816895384394,-0.8224405158422775,-0.277999484765713,0.7555655582149277,-0.8243223630859606,0.649668150461767,0.3314488259922988,0.593939156847496,0.4015286687407264,-0.5631125685866928,2
0.6684232014933404,-0.8224405158422775,-0.277999484765713,1.7396716932231089,-1.272465268803342,3.911240433329904,0.20918599680097588,0.33759246888442723,0.26372593035633485,-0.6690588208370069,3
0.2663498247740118,-0.8224405158422775,-0.277999484765713,0.4082339811532167,-0.936358089515306,1.6281398353222083,0.39258024058796026,0.5298524848567288,0.4704300379329222,-0.6690588208370069,1
0.2663498247740118,-0.8224405158422775,-0.277999484765713,1.7975602894000609,-1.0483938159446513,1.410701683130999,0.08692316760965295,0.14533245291212565,0.057021822779747496,-0.6337434034202355,1
-2.1460904355419603,-0.8224405158422775,-0.277999484765713,-1.3863125003322903,-0.04007227808054335,-0.002646306111860552,-1.5636250264732066,-1.3927476748662868,-1.734413776217343,-0.5984279860034641,1
0.16583148059417963,-0.5667890818509517,-0.277999484765713,1.0450085390996868,-0.8243223630859606,-0.5462416865898835,0.5759744843749447,0.4016791408751944,0.33262729954853065,-0.4571663163363788,1
-0.4372785844848134,1.734073824070981,-0.277999484765713,-0.6337607500319165,0.07196344834880182,-0.5462416865898835,0.3314488259922988,0.8502858448105648,0.33262729954853065,1.1673428848351033,1
-0.8393519612041421,-0.5667890818509517,-0.277999484765713,-0.6916493462088682,-0.48821518379792467,0.5409490743661624,-0.707785222133946,-0.6237076109770806,-0.7697946075266019,-0.5984279860034641,1
-1.1409069937436387,0.4558166541143516,-0.277999484765713,-1.5599782888631457,1.416392165500946,-0.5462416865898835,-0.4021281491556387,-0.8800542989401494,-0.8386959767187977,0.42571911908290494,1
1.3720516107521656,0.4558166541143516,-0.277999484765713,1.1607857314535905,-0.60025091022727,-0.5462416865898835,1.1261572157358979,1.4270658927274695,1.2972464682392717,-0.280589229252522,1
0.5679048573135083,1.734073824070981,-0.277999484765713,0.17667959644540931,0.07196344834880182,-0.5462416865898835,1.4929457033098665,0.593939156847496,0.7460355147017054,1.34391997191896,1
-0.5377969286646456,1.2227709560883293,-0.277999484765713,-0.22854057679325354,0.6321420804955284,-0.5462416865898835,-0.2798653199643158,0.14533245291212565,-0.011879546412448292,-0.10401214216866529,1
-0.6383152728444778,-0.8224405158422775,-0.277999484765713,-1.6178668850400977,1.0802849862129096,-0.5462416865898835,-0.4021281491556387,-0.751880954958615,-0.9075973459109935,0.14319577974873415,1
1.2715332665723336,-0.8224405158422775,-0.277999484765713,0.35034538497626483,-0.7122866366566154,1.8455779875134173,1.1872886303315593,1.1066325327736335,1.228345099047076,-0.38653548150283606,2
0.8694598898530048,-0.8224405158422775,-0.277999484765713,0.639788365861024,-1.0483938159446513,1.1389039928919875,1.0650258011402363,1.1707192047644006,1.15944372985488,-0.6337434034202355,2
-0.33676024030498125,0.2001652201230258,-0.277999484765713,0.29245678879931297,1.5284278919302914,-0.5462416865898835,0.08692316760965295,-0.36736092301401185,-0.21858365398903565,0.0372495274984201,1
1.2715332665723336,-0.8224405158422775,-0.277999484765713,1.2186743276305423,-1.1604295423739965,0.7040276885095692,0.5759744843749447,0.7861991728197976,0.6771341455095096,-0.6337434034202355,2
0.8694598898530048,-0.5667890818509517,-0.277999484765713,0.4661225773301685,-0.04007227808054335,-0.002646306111860552,0.6371058989706061,0.5298524848567288,0.6082327763173138,-0.06869672475189394,1
-0.33676024030498125,0.4558166541143516,-0.277999484765713,1.4502287123383497,-0.48821518379792467,-0.05700584415966284,0.08692316760965295,0.27350579689366006,0.19482456116413907,-0.5631125685866928,1
2.578271740910152,-0.8224405158422775,-0.277999484765713,1.1028971352766388,-1.0483938159446513,0.3235109221749532,1.676339947096851,1.8756725966628398,1.9173587909690337,-0.6690588208370069,2
1.2715332665723336,-0.8224405158422775,-0.277999484765713,1.6817830970461571,-1.1604295423739965,2.6066115201826494,0.759368728161929,0.9143725168013319,0.8838382530860969,-0.6690588208370069,2
1.7741249874714944,-0.8224405158422775,-0.277999484765713,0.7555655582149277,-0.48821518379792467,0.3778704602227555,1.1261572157358979,0.8502858448105648,1.15944372985488,0.637611623583533,2
0.46738651313367613,-0.8224405158422775,3.051241308501409,0.8134541543918795,-0.3761794573685794,0.10607276998374403,0.14805458220531442,-0.3032742510232447,0.1259231919719433,1.2732891370854174,2
0.969978234032837,0.2001652201230258,-0.277999484765713,0.060902404091505644,-0.7122866366566154,-0.5462416865898835,1.0650258011402363,1.298892548745935,1.2972464682392717,-0.5984279860034641,1
-0.03520520776548472,-0.8224405158422775,-0.277999484765713,0.639788365861024,1.416392165500946,-0.5462416865898835,-0.1576024907729929,-0.751880954958615,-0.42528776156562303,0.07256494491519144,1
0.7689415456731726,-0.8224405158422775,-0.277999484765713,0.7555655582149277,-1.0483938159446513,1.6824993733700104,1.0038943865445749,0.9143725168013319,1.0905423606626843,-0.38653548150283606,2
-0.5377969286646456,0.9671195220970032,-0.277999484765713,-0.6337607500319165,2.7608208826530896,-0.5462416865898835,-0.2798653199643158,0.4016791408751944,-0.14968228479683987,2.2621208247550153,1
0.969978234032837,0.2001652201230258,-0.277999484765713,-0.1706519806163017,-0.48821518379792467,-0.22008445830306972,0.5759744843749447,0.8502858448105648,0.6771341455095096,-0.5277971511699214,1
0.969978234032837,-0.8224405158422775,-0.277999484765713,1.1607857314535905,-1.1604295423739965,-0.32880353439867427,0.5148430697792832,0.6580258288382632,0.6082327763173138,-0.6337434034202355,1
1.8746433316513265,-0.8224405158422775,-0.277999484765713,0.5240111735071203,-0.8243223630859606,1.573780297274406,1.1872886303315593,1.1707192047644006,1.228345099047076,-0.49248173375315013,1
-0.23624189612514906,-0.8224405158422775,-0.277999484765713,-0.5758721538549646,0.6321420804955284,-0.5462416865898835,-0.6466538075382846,-0.8800542989401494,-0.8386959767187977,0.07256494491519144,1
-0.8393519612041421,0.9671195220970032,-0.277999484765713,-1.2126467118014348,-0.04007227808054335,-0.5462416865898835,-0.4021281491556387,-0.1110142350509431,-0.42528776156562303,-0.280589229252522,1
-0.13572355194531688,1.9897252580623066,-0.277999484765713,-0.5758721538549646,1.192320712642255,-0.5462416865898835,0.20918599680097588,0.33759246888442723,0.33262729954853065,0.4963499539164476,1
-0.13572355194531688,1.2227709560883293,-0.277999484765713,0.4661225773301685,1.5284278919302914,-0.5462416865898835,0.39258024058796026,-1.2004876588939852,-0.08078091560464408,2.968429173090442,1
-0.8393519612041421,-0.05548621386830003,-0.277999484765713,-1.4442010965092422,0.9682492597835647,-0.5462416865898835,0.3314488259922988,-0.751880954958615,-0.4941891307578188,2.2974362421717864,1
0.6684232014933404,-0.8224405158422775,1.386620911867848,0.9292313467457832,0.4080706276368378,-0.274443996350872,0.14805458220531442,-0.49553426699554626,-0.35638639237342723,0.4610345364996763,1
1.8746433316513265,-0.8224405158422775,-0.277999484765713,0.8713427505688314,-1.0483938159446513,3.09584736261287,1.3706828741185437,1.4911525647182367,1.503950575815859,-0.6690588208370069,2
-0.13572355194531688,-0.8224405158422775,-0.277999484765713,-0.74953794238582,-0.3761794573685794,-0.16572492025526742,-0.09647107617733143,-0.1110142350509431,-0.08078091560464408,-0.4218508989196074,1
-0.4372785844848134,-0.8224405158422775,3.051241308501409,1.0450085390996868,1.9765707976476725,-0.5462416865898835,-1.9915449286428368,-3.3153478345893026,-1.8033151454095386,-0.174642977002208,3
-0.03520520776548472,-0.8224405158422775,-0.277999484765713,1.2765629238074943,-1.0483938159446513,0.8127467646051738,-0.2798653199643158,0.08124578092135848,-0.08078091560464408,-0.5277971511699214,2
-0.03520520776548472,-0.31113764785962583,-0.277999484765713,0.11879100026845747,-0.3761794573685794,-0.4918821485420812,-0.1576024907729929,0.08124578092135848,-0.08078091560464408,-0.5277971511699214,1
1.472569954931998,-0.8224405158422775,-0.277999484765713,1.334451519984446,-1.1604295423739965,3.3132855148040794,0.759368728161929,0.8502858448105648,0.8149368838939012,-0.6690588208370069,3
0.16583148059417963,0.4558166541143516,-0.277999484765713,0.9292313467457832,-0.60025091022727,-0.5462416865898835,0.5759744843749447,0.4016791408751944,0.33262729954853065,-0.4218508989196074,1
1.0704965782126692,-0.8224405158422775,-0.277999484765713,2.08700327028482,-1.1604295423739965,1.1389039928919875,0.39258024058796026,0.593939156847496,0.4704300379329222,-0.6690588208370069,3
1.3720516107521656,1.2227709560883293,-0.277999484765713,-0.3443177691471572,-0.60025091022727,0.2691513841271509,1.1872886303315593,1.4270658927274695,1.3661478374314675,-0.6337434034202355,1
0.2663498247740118,-0.31113764785962583,1.386620911867848,-1.3284239041553385,0.29603490120749265,-0.5462416865898835,-0.09647107617733143,-0.431447595004779,-0.21858365398903565,0.5669807887499904,1
-1.1409069937436387,-0.8224405158422775,-0.277999484765713,-0.402206365324109,-0.7122866366566154,0.10607276998374403,-0.7689166367296075,-0.8800542989401494,-0.9764987151031893,-0.5631125685866928,1
-0.23624189612514906,2.2453766920536324,-0.277999484765713,-0.5758721538549646,0.07196344834880182,-0.5462416865898835,0.08692316760965295,1.234805876755168,0.6771341455095096,1.8030203983369877,1
1.2715332665723336,-0.8224405158422775,-0.277999484765713,0.35034538497626483,-0.936358089515306,1.1932635309397899,1.3706828741185437,1.3629792207367022,1.3661478374314675,-0.5984279860034641,1
0.16583148059417963,0.7114680881056774,-0.277999484765713,0.060902404091505644,-0.7122866366566154,-0.4918821485420812,0.08692316760965295,0.4016791408751944,0.26372593035633485,-0.5277971511699214,1
-0.8393519612041421,-0.8224405158422775,-0.277999484765713,-1.4442010965092422,2.872856609082435,-0.5462416865898835,-1.0134422951122533,-1.1364009869032181,-1.1832028226797766,0.14319577974873415,1
2.578271740910152,-0.8224405158422775,-0.277999484765713,0.8713427505688314,-0.936358089515306,-0.22008445830306972,1.554077117905528,1.8115859246720727,1.7795560525846421,-0.5984279860034641,2
0.46738651313367613,-0.5667890818509517,-0.277999484765713,-0.402206365324109,-0.60025091022727,-0.16572492025526742,0.27031741139663734,0.4016791408751944,0.33262729954853065,-0.6337434034202355,1
-0.4372785844848134,-0.8224405158422775,1.386620911867848,1.0450085390996868,1.6404636183596362,-0.5462416865898835,-1.9915449286428368,-2.9949144746354666,-1.8033151454095386,-0.20995839441897932,3
1.0704965782126692,-0.5667890818509517,-0.277999484765713,-0.6916493462088682,-0.48821518379792467,-0.4375226104942789,0.759368728161929,0.8502858448105648,0.8149368838939012,-0.5984279860034641,1
-0.13572355194531688,-0.8224405158422775,-0.277999484765713,-1.8494212697479049,2.0886065240770177,-0.5462416865898835,-0.2798653199643158,-0.8159676269493822,-0.5630904999500146,0.7788732932506184,1
-0.5377969286646456,-0.05548621386830003,4.715861705134969,-1.9073098659248569,1.5284278919302914,-0.5462416865898835,-1.3802307826862221,-1.2645743308847526,-1.5277096686407556,0.8848195455009324,1
-0.03520520776548472,-0.8224405158422775,-0.277999484765713,0.9871199429227351,-1.0483938159446513,0.8127467646051738,-0.09647107617733143,0.017159108930591284,-0.08078091560464408,-0.6690588208370069,2
-1.2414253379234708,0.2001652201230258,-0.277999484765713,0.639788365861024,0.4080706276368378,-0.5462416865898835,-0.9523108805165919,-1.2645743308847526,-1.2521041918719724,0.42571911908290494,1
-0.03520520776548472,0.4558166541143516,-0.277999484765713,-1.2126467118014348,0.29603490120749265,-0.5462416865898835,0.14805458220531442,0.017159108930591284,0.057021822779747496,-0.24527381183575067,1
0.36686816895384394,2.2453766920536324,-0.277999484765713,0.5240111735071203,0.9682492597835647,-0.5462416865898835,1.3706828741185437,0.4016791408751944,1.4350492066236633,1.4145508067525028,1
-0.4372785844848134,0.2001652201230258,-0.277999484765713,-1.1547581156244828,-0.15210800450988876,-0.4918821485420812,-0.2798653199643158,-0.1110142350509431,-0.2874850231812314,-0.5277971511699214,1
0.5679048573135083,1.478422390079655,-0.277999484765713,0.4082339811532167,-0.3761794573685794,-0.5462416865898835,0.6371058989706061,0.7861991728197976,0.6771341455095096,-0.24527381183575067,1
-0.8393519612041421,1.2227709560883293,-0.277999484765713,0.060902404091505644,-0.60025091022727,-0.5462416865898835,-0.2798653199643158,-0.1751009070417103,-0.35638639237342723,-0.5631125685866928,1
0.46738651313367613,0.4558166541143516,-0.277999484765713,-0.8074265385627719,1.9765707976476725,-0.5462416865898835,-0.09647107617733143,0.6580258288382632,0.539331407125118,0.1078803623319628,1
-0.03520520776548472,2.756679560036284,-0.277999484765713,-1.096869519447531,0.29603490120749265,-0.5462416865898835,1.554077117905528,1.1066325327736335,1.3661478374314675,0.531665371333219,1
2.075680020010991,-0.05548621386830003,-0.277999484765713,-0.1706519806163017,0.7441778069248738,-0.5462416865898835,0.9427629719489135,1.4911525647182367,1.6417533142002505,0.2844574494158195,1
0.06531313641434745,-0.8224405158422775,-0.277999484765713,-1.5599782888631457,0.9682492597835647,-0.38316307244647657,-0.707785222133946,-0.9441409709309165,-0.7697946075266019,1.132027467418332,1
-0.13572355194531688,-0.8224405158422775,-0.277999484765713,0.003013807914553804,-0.7122866366566154,-0.4918821485420812,-0.09647107617733143,-0.04692756306017591,-0.14968228479683987,-0.5984279860034641,1
-0.7388336170243099,-0.8224405158422775,-0.277999484765713,-1.096869519447531,-0.04007227808054335,-0.5462416865898835,-0.6466538075382846,-0.431447595004779,-0.7008932383344062,-0.5631125685866928,1
0.06531313641434745,1.2227709560883293,-0.277999484765713,0.6976769620379758,-0.15210800450988876,-0.5462416865898835,0.759368728161929,0.7221125008290303,0.8149368838939012,0.4963499539164476,1
-0.13572355194531688,-0.5667890818509517,-0.277999484765713,-1.2705353079783865,0.6321420804955284,-0.5462416865898835,-0.2798653199643158,-0.49553426699554626,-0.35638639237342723,0.531665371333219,1
1.57308829911183,0.7114680881056774,-0.277999484765713,-0.74953794238582,-0.04007227808054335,-0.4918821485420812,1.554077117905528,1.6834125806905382,1.7795560525846421,-0.31590464666929335,1
-0.8393519612041421,-0.8224405158422775,-0.277999484765713,0.9871199429227351,-0.04007227808054335,-0.5462416865898835,-1.624756441068868,-1.5209210188478213,-1.734413776217343,-0.4218508989196074,1
-0.13572355194531688,-0.05548621386830003,-0.277999484765713,0.639788365861024,-0.936358089515306,0.7040276885095692,-0.2798653199643158,0.017159108930591284,-0.2874850231812314,-0.5631125685866928,1
0.8694598898530048,-0.05548621386830003,-0.277999484765713,-1.2705353079783865,0.8562135333542192,-0.5462416865898835,0.3314488259922988,-0.431447595004779,-0.35638639237342723,2.2621208247550153,1
-0.8393519612041421,0.2001652201230258,-0.277999484765713,-0.6337607500319165,-0.48821518379792467,-0.32880353439867427,-0.4021281491556387,-0.23918757903247748,-0.4941891307578188,-0.5631125685866928,1
0.46738651313367613,1.478422390079655,-0.277999484765713,0.23456819262236114,-0.15210800450988876,-0.5462416865898835,0.6371058989706061,0.6580258288382632,0.6771341455095096,-0.174642977002208,1
0.46738651313367613,-0.5667890818509517,-0.277999484765713,-0.22854057679325354,-0.7122866366566154,-0.05700584415966284,0.27031741139663734,0.46576581286596164,0.4015286687407264,-0.6337434034202355,1
0.969978234032837,-0.8224405158422775,-0.277999484765713,1.2765629238074943,-1.1604295423739965,-0.22008445830306972,0.4537116551836217,0.593939156847496,0.539331407125118,-0.6337434034202355,1
1.7741249874714944,-0.8224405158422775,-0.277999484765713,0.9871199429227351,0.6321420804955284,-0.05700584415966284,0.759368728161929,0.8502858448105648,0.8838382530860969,-0.3512200640860647,2
0.46738651313367613,1.2227709560883293,-0.277999484765713,0.11879100026845747,0.29603490120749265,-0.5462416865898835,0.27031741139663734,0.46576581286596164,0.4704300379329222,0.07256494491519144,1
-2.1460904355419603,0.4558166541143516,-0.277999484765713,-1.3284239041553385,-0.04007227808054335,-0.274443996350872,-1.4413621972818835,-1.3286610028755197,-1.5966110378329514,-0.5277971511699214,1
-0.5377969286646456,0.9671195220970032,-0.277999484765713,-0.1706519806163017,-0.26414373093923393,-0.5462416865898835,-0.03533966158166997,0.08124578092135848,-0.08078091560464408,-0.49248173375315013,1
1.8746433316513265,-0.8224405158422775,-0.277999484765713,0.6976769620379758,-0.936358089515306,2.171735215800231,1.3706828741185437,1.4270658927274695,1.503950575815859,-0.5984279860034641,1
0.36686816895384394,-0.5667890818509517,-0.277999484765713,0.6976769620379758,-0.936358089515306,0.8127467646051738,0.27031741139663734,0.4016791408751944,0.26372593035633485,-0.5984279860034641,1
0.8694598898530048,-0.8224405158422775,-0.277999484765713,0.5818997696840722,-0.60025091022727,1.1932635309397899,0.39258024058796026,0.46576581286596164,0.4015286687407264,-0.5631125685866928,1
0.2663498247740118,-0.8224405158422775,-0.277999484765713,1.1028971352766388,-1.0483938159446513,2.7696901343260563,0.27031741139663734,0.33759246888442723,0.26372593035633485,-0.6690588208370069,2
-0.4372785844848134,-0.8224405158422775,-0.277999484765713,1.1028971352766388,-1.0483938159446513,-0.4375226104942789,-0.34099673455997725,-0.1751009070417103,-0.35638639237342723,-0.6337434034202355,2
1.0704965782126692,-0.8224405158422775,-0.277999484765713,0.23456819262236114,-0.26414373093923393,-0.002646306111860552,0.9427629719489135,1.0425458607828664,1.0216409914704885,-0.4571663163363788,2
-0.8393519612041421,-0.05548621386830003,-0.277999484765713,-0.8653151347397238,-0.3761794573685794,-0.274443996350872,-0.707785222133946,-0.49553426699554626,-0.7008932383344062,-0.5631125685866928,1
0.16583148059417963,-0.8224405158422775,-0.277999484765713,0.4661225773301685,-0.8243223630859606,-0.5462416865898835,-0.1576024907729929,0.27350579689366006,0.19482456116413907,-0.5277971511699214,1
2.4777533967303196,-0.8224405158422775,-0.277999484765713,0.4661225773301685,-0.936358089515306,1.5194207592266036,1.676339947096851,1.8756725966628398,1.9173587909690337,-0.6690588208370069,1
-1.945053747182296,1.9897252580623066,-0.277999484765713,-1.6757554812170494,1.864535071218327,-0.5462416865898835,0.4537116551836217,0.7221125008290303,0.6082327763173138,1.626443311253131,1
0.46738651313367613,-0.8224405158422775,-0.277999484765713,-0.4600949615010609,-0.60025091022727,-0.002646306111860552,0.27031741139663734,0.4016791408751944,0.33262729954853065,-0.6337434034202355,1
1.0704965782126692,-0.8224405158422775,-0.277999484765713,1.6238945008692052,-1.1604295423739965,3.09584736261287,0.4537116551836217,0.7221125008290303,0.6082327763173138,-0.6690588208370069,2
0.2663498247740118,-0.05548621386830003,-0.277999484765713,0.060902404091505644,-0.7122866366566154,-0.4375226104942789,0.39258024058796026,0.593939156847496,0.4704300379329222,-0.5984279860034641,1
-0.6383152728444778,-0.8224405158422775,-0.277999484765713,0.8713427505688314,-0.7122866366566154,2.932768748469463,-0.8300480513252689,-0.6237076109770806,-0.8386959767187977,-0.6337434034202355,1
-1.0403886495638064,3.523633862010262,-0.277999484765713,-1.3284239041553385,0.9682492597835647,-0.5462416865898835,-0.09647107617733143,-0.1110142350509431,-0.21858365398903565,-0.49248173375315013,1
-0.03520520776548472,-0.8224405158422775,-0.277999484765713,1.7975602894000609,-0.60025091022727,1.8455779875134173,-0.09647107617733143,-0.04692756306017591,-0.08078091560464408,-0.6690588208370069,1
-0.8393519612041421,-0.05548621386830003,-0.277999484765713,-0.5758721538549646,-0.60025091022727,-0.274443996350872,-0.4021281491556387,-0.3032742510232447,-0.42528776156562303,-0.6337434034202355,1
-0.33676024030498125,0.7114680881056774,1.386620911867848,-1.502089692686194,1.0802849862129096,-0.5462416865898835,0.3314488259922988,-0.6237076109770806,-0.21858365398903565,2.0149129028376156,1
-0.33676024030498125,-0.8224405158422775,4.715861705134969,-1.0389809232705793,0.9682492597835647,-0.5462416865898835,-0.5243909783469617,-1.8413543788016573,-1.1143014534875808,3.886630025926497,3
1.57308829911183,1.734073824070981,-0.277999484765713,-0.6916493462088682,-0.3761794573685794,-0.5462416865898835,1.9208656054794968,2.003845940644374,2.124062898545621,-0.49248173375315013,1
-0.6383152728444778,-0.8224405158422775,-0.277999484765713,0.9292313467457832,-0.936358089515306,-0.32880353439867427,-0.5243909783469617,-0.431447595004779,-0.5630904999500146,-0.6337434034202355,2
-0.6383152728444778,1.478422390079655,1.386620911867848,-1.4442010965092422,0.4080706276368378,-0.5462416865898835,0.14805458220531442,0.08124578092135848,0.26372593035633485,1.5558124764195882,1
0.8694598898530048,-0.8224405158422775,-0.277999484765713,0.29245678879931297,-0.60025091022727,-0.002646306111860552,0.9427629719489135,0.9143725168013319,1.0216409914704885,-0.49248173375315013,2
-0.7388336170243099,0.2001652201230258,-0.277999484765713,-1.0389809232705793,-0.04007227808054335,-0.5462416865898835,-0.6466538075382846,-0.04692756306017591,-0.35638639237342723,-0.033381307335122595,1
0.2663498247740118,-0.05548621386830003,-0.277999484765713,-0.1706519806163017,-0.7122866366566154,0.43222999827055775,0.14805458220531442,0.4016791408751944,0.26372593035633485,-0.6337434034202355,1
-0.7388336170243099,-0.8224405158422775,-0.277999484765713,-0.402206365324109,-0.26414373093923393,-0.274443996350872,-0.5243909783469617,-0.36736092301401185,-0.5630904999500146,-0.6337434034202355,1
1.0704965782126692,1.734073824070981,-0.277999484765713,1.392340116161398,-0.60025091022727,-0.5462416865898835,1.1261572157358979,1.234805876755168,1.15944372985488,-0.4571663163363788,1
1.673606643291662,-0.8224405158422775,-0.277999484765713,0.5818997696840722,-0.936358089515306,0.48658953631836005,1.676339947096851,1.4270658927274695,1.4350492066236633,-0.4218508989196074,2
-0.5377969286646456,-0.8224405158422775,-0.277999484765713,0.9292313467457832,1.5284278919302914,-0.5462416865898835,-0.5243909783469617,-1.5209210188478213,-0.7008932383344062,0.07256494491519144,1
-0.03520520776548472,-0.8224405158422775,-0.277999484765713,-1.5599782888631457,1.416392165500946,-0.5462416865898835,-0.09647107617733143,-0.5596209389863135,-0.21858365398903565,1.237973719668646,1
-0.03520520776548472,-0.8224405158422775,-0.277999484765713,1.6817830970461571,-0.8243223630859606,0.10607276998374403,-0.09647107617733143,0.08124578092135848,-0.011879546412448292,-0.6337434034202355,1
-0.5377969286646456,-0.8224405158422775,-0.277999484765713,1.0450085390996868,0.7441778069248738,-0.5462416865898835,-0.5243909783469617,-1.0082276429216839,-0.7697946075266019,-0.20995839441897932,1
0.6684232014933404,-0.8224405158422775,-0.277999484765713,-0.6916493462088682,2.9848923355117805,-0.5462416865898835,0.3314488259922988,0.14533245291212565,0.33262729954853065,0.2844574494158195,1
-1.0403886495638064,-0.31113764785962583,-0.277999484765713,-0.5179835576780127,-0.48821518379792467,0.16043230803154632,-0.707785222133946,-0.49553426699554626,-0.7008932383344062,-0.6337434034202355,1
0.969978234032837,-0.8224405158422775,-0.277999484765713,1.0450085390996868,-0.8243223630859606,-0.16572492025526742,0.759368728161929,0.6580258288382632,0.539331407125118,-0.49248173375315013,2
-1.1409069937436387,-0.8224405158422775,-0.277999484765713,-0.9810923270936274,-0.04007227808054335,-0.5462416865898835,-0.6466538075382846,-0.8800542989401494,-0.9075973459109935,-0.38653548150283606,1
0.5679048573135083,-0.31113764785962583,-0.277999484765713,0.4661225773301685,-0.60025091022727,-0.11136538220746513,0.39258024058796026,0.7221125008290303,0.6082327763173138,-0.5277971511699214,2
-0.7388336170243099,-0.8224405158422775,-0.277999484765713,-1.3863125003322903,0.07196344834880182,-0.5462416865898835,-0.707785222133946,-0.431447595004779,-0.6319918691422104,-0.5984279860034641,1
-0.33676024030498125,0.4558166541143516,-0.277999484765713,-0.6337607500319165,1.3043564390716005,-0.5462416865898835,-0.2798653199643158,-0.04692756306017591,-0.2874850231812314,0.6729270410003043,1
0.969978234032837,-0.8224405158422775,-0.277999484765713,0.9292313467457832,-0.936358089515306,1.3563421450831967,0.5148430697792832,0.6580258288382632,0.539331407125118,-0.5984279860034641,2
-1.3419436821033028,-0.05548621386830003,-0.277999484765713,-0.28642917297020537,-0.3761794573685794,-0.5462416865898835,-0.8911794659209304,-0.23918757903247748,-0.7697946075266019,0.42571911908290494,1
0.46738651313367613,-0.8224405158422775,-0.277999484765713,0.5818997696840722,1.3043564390716005,-0.5462416865898835,-0.1576024907729929,-1.6490943628293557,-1.045400084295385,3.3215833472581555,3
-0.5377969286646456,-0.8224405158422775,-0.277999484765713,0.9292313467457832,1.192320712642255,-0.5462416865898835,-0.5243909783469617,-1.3286610028755197,-0.7697946075266019,-0.033381307335122595,1
1.8746433316513265,-0.8224405158422775,-0.277999484765713,0.6976769620379758,-0.936358089515306,2.8240496723738584,1.3706828741185437,1.4270658927274695,1.4350492066236633,-0.5984279860034641,2
-0.8393519612041421,-0.8224405158422775,1.386620911867848,0.9871199429227351,-0.26414373093923393,-0.5462416865898835,-1.3190993680905607,-1.5850076908385884,-1.5966110378329514,-0.31590464666929335,1
0.5679048573135083,0.9671195220970032,-0.277999484765713,-0.5179835576780127,-0.48821518379792467,-0.5462416865898835,0.39258024058796026,0.7221125008290303,0.539331407125118,-0.5277971511699214,1
-0.6383152728444778,-0.8224405158422775,-0.277999484765713,0.9292313467457832,-0.7122866366566154,2.6609710582304515,-0.707785222133946,-0.6237076109770806,-0.7697946075266019,-0.6690588208370069,1
0.7689415456731726,-0.5667890818509517,-0.277999484765713,0.4082339811532167,-0.48821518379792467,-0.16572492025526742,0.759368728161929,0.27350579689366006,0.6082327763173138,1.0613966325847892,1
-2.7492005006209532,-0.8224405158422775,-0.277999484765713,0.9292313467457832,-0.8243223630859606,-0.5462416865898835,-1.6858878556645294,-1.6490943628293557,-1.8722165146017344,-0.5984279860034641,1
2.075680020010991,-0.05548621386830003,-0.277999484765713,-0.1706519806163017,0.7441778069248738,-0.5462416865898835,0.9427629719489135,1.298892548745935,1.2972464682392717,0.14319577974873415,1
0.5679048573135083,2.5010281260449583,-0.277999484765713,0.17667959644540931,-0.48821518379792467,-0.5462416865898835,1.4929457033098665,1.1707192047644006,1.3661478374314675,0.21382661458227684,1
-0.7388336170243099,0.9671195220970032,1.386620911867848,-1.502089692686194,1.0802849862129096,-0.5462416865898835,0.3314488259922988,-0.6237076109770806,-0.35638639237342723,2.0855437376711583,1
2.2767167083706554,-0.8224405158422775,-0.277999484765713,0.35034538497626483,-0.60025091022727,-0.38316307244647657,1.4318142887142051,1.5552392367090038,1.5728519450080547,-0.5631125685866928,1
1.2715332665723336,-0.8224405158422775,-0.277999484765713,0.35034538497626483,-0.936358089515306,1.1932635309397899,1.3706828741185437,1.3629792207367022,1.3661478374314675,-0.5984279860034641,2
0.8694598898530048,2.5010281260449583,-0.277999484765713,-0.11276338443934987,-0.15210800450988876,-0.5462416865898835,1.1261572157358979,1.4911525647182367,1.3661478374314675,-0.174642977002208,1
1.472569954931998,-0.8224405158422775,-0.277999484765713,1.6238945008692052,-1.272465268803342,4.019959509425509,0.6371058989706061,0.8502858448105648,0.7460355147017054,-0.6690588208370069,3
1.673606643291662,-0.8224405158422775,-0.277999484765713,1.7975602894000609,-1.272465268803342,2.2260947538480336,1.0038943865445749,1.1707192047644006,1.15944372985488,-0.6690588208370069,2
0.5679048573135083,-0.31113764785962583,-0.277999484765713,0.23456819262236114,0.9682492597835647,-0.5462416865898835,0.5759744843749447,0.14533245291212565,0.4704300379329222,1.2732891370854174,2
-0.03520520776548472,-0.8224405158422775,-0.277999484765713,1.7396716932231089,-0.60025091022727,0.3235109221749532,-0.1576024907729929,0.017159108930591284,-0.08078091560464408,-0.6337434034202355,1
2.4777533967303196,-0.8224405158422775,-0.277999484765713,0.5818997696840722,-0.936358089515306,2.6066115201826494,1.676339947096851,1.939759268653607,1.9173587909690337,-0.6690588208370069,1
-1.1409069937436387,-0.31113764785962583,-0.277999484765713,-1.5599782888631457,0.5201063540661832,-0.5462416865898835,-0.7689166367296075,-0.751880954958615,-0.9075973459109935,-0.5277971511699214,1
1.57308829911183,1.734073824070981,-0.277999484765713,-1.0389809232705793,0.4080706276368378,-0.5462416865898835,1.9208656054794968,1.6834125806905382,1.9173587909690337,0.1078803623319628,1
-0.13572355194531688,-0.31113764785962583,1.386620911867848,-0.9232037309166756,0.07196344834880182,-0.5462416865898835,-2.3583334162168055,-0.8800542989401494,-0.6319918691422104,2.6505904163395,1
-1.945053747182296,-0.8224405158422775,-0.277999484765713,0.9871199429227351,-0.936358089515306,-0.5462416865898835,-1.3802307826862221,-1.3286610028755197,-1.5277096686407556,-0.6337434034202355,1
-1.3419436821033028,0.4558166541143516,-0.277999484765713,0.17667959644540931,-0.7122866366566154,-0.16572492025526742,-0.8911794659209304,-0.5596209389863135,-0.9075973459109935,-0.31590464666929335,1
-0.5377969286646456,0.9671195220970032,-0.277999484765713,-0.9232037309166756,0.4080706276368378,-0.5462416865898835,-0.03533966158166997,-0.431447595004779,-0.21858365398903565,0.743557875833847,1
-0.9398703053839742,2.5010281260449583,-0.277999484765713,-0.74953794238582,-0.3761794573685794,-0.5462416865898835,-0.5243909783469617,-0.3032742510232447,-0.4941891307578188,-0.49248173375315013,1
-0.33676024030498125,-0.8224405158422775,-0.277999484765713,0.35034538497626483,-0.936358089515306,1.8999375255612196,-0.03533966158166997,0.08124578092135848,-0.011879546412448292,-0.6690588208370069,1
-1.1409069937436387,-0.8224405158422775,-0.277999484765713,-1.1547581156244828,0.07196344834880182,-0.32880353439867427,-0.707785222133946,-0.9441409709309165,-1.1143014534875808,-0.4571663163363788,1
-0.7388336170243099,2.2453766920536324,-0.277999484765713,0.35034538497626483,1.416392165500946,-0.5462416865898835,-0.1576024907729929,-0.04692756306017591,0.1259231919719433,-0.24527381183575067,1
1.472569954931998,-0.8224405158422775,-0.277999484765713,-0.5758721538549646,-0.26414373093923393,-0.38316307244647657,1.1872886303315593,1.1707192047644006,1.228345099047076,-0.49248173375315013,1
0.7689415456731726,1.2227709560883293,-0.277999484765713,0.17667959644540931,-0.48821518379792467,-0.4918821485420812,0.6371058989706061,0.7861991728197976,0.8838382530860969,-0.4218508989196074,1
0.36686816895384394,-0.8224405158422775,-0.277999484765713,1.0450085390996868,-1.0483938159446513,0.05171323193594174,0.4537116551836217,0.593939156847496,0.539331407125118,-0.6337434034202355,2
-2.1460904355419603,-0.8224405158422775,-0.277999484765713,-1.7915326735709531,0.9682492597835647,-0.38316307244647657,-1.5636250264732066,-1.7131810348201228,-1.9411178837939302,-0.31590464666929335,1
-0.03520520776548472,-0.8224405158422775,-0.277999484765713,0.8713427505688314,0.8562135333542192,-0.5462416865898835,-0.2798653199643158,-0.8159676269493822,-0.6319918691422104,0.21382661458227684,1
-1.1409069937436387,-0.8224405158422775,-0.277999484765713,-0.4600949615010609,-0.60025091022727,-0.002646306111860552,-0.8911794659209304,-1.0082276429216839,-1.1832028226797766,-0.5984279860034641,1
-0.5377969286646456,-0.8224405158422775,-0.277999484765713,1.7975602894000609,-1.272465268803342,1.1932635309397899,-0.2798653199643158,0.017159108930591284,-0.21858365398903565,-0.5984279860034641,2
-2.1460904355419603,1.734073824070981,-0.277999484765713,-1.3284239041553385,-0.04007227808054335,-0.274443996350872,-1.4413621972818835,-1.2004876588939852,-1.5277096686407556,-0.49248173375315013,1
1.2715332665723336,-0.8224405158422775,-0.277999484765713,1.7396716932231089,-1.1604295423739965,0.5409490743661624,0.27031741139663734,0.5298524848567288,0.4704300379329222,-0.6690588208370069,2
0.36686816895384394,2.756679560036284,-0.277999484765713,0.35034538497626483,1.5284278919302914,-0.5462416865898835,1.3706828741185437,0.46576581286596164,1.7106546833924463,0.8141887106673897,1
-0.23624189612514906,0.4558166541143516,-0.277999484765713,-1.096869519447531,0.07196344834880182,-0.5462416865898835,-0.1576024907729929,-0.04692756306017591,-0.08078091560464408,-0.4218508989196074,1
1.2715332665723336,0.2001652201230258,-0.277999484765713,-1.0389809232705793,-0.15210800450988876,-0.4918821485420812,0.759368728161929,0.7861991728197976,0.7460355147017054,-0.4218508989196074,1
-1.4424620262831351,-0.5667890818509517,-0.277999484765713,-1.0389809232705793,-0.04007227808054335,-0.4375226104942789,-1.0134422951122533,-0.8800542989401494,-1.045400084295385,-0.5277971511699214,1
-0.6383152728444778,-0.8224405158422775,-0.277999484765713,-1.3284239041553385,0.4080706276368378,-0.5462416865898835,-0.1576024907729929,0.08124578092135848,-0.011879546412448292,-0.4218508989196074,1
-0.5377969286646456,1.2227709560883293,-0.277999484765713,-0.8074265385627719,0.18399917477814723,-0.5462416865898835,-0.03533966158166997,-0.1751009070417103,-0.14968228479683987,0.07256494491519144,1
1.0704965782126692,-0.05548621386830003,-0.277999484765713,-0.5179835576780127,-0.48821518379792467,-0.274443996350872,1.1872886303315593,1.1707192047644006,1.228345099047076,-0.4571663163363788,1
1.2715332665723336,-0.31113764785962583,-0.277999484765713,-1.6178668850400977,2.3126779769357078,-0.5462416865898835,0.6371058989706061,0.27350579689366006,0.539331407125118,0.6022962061667616,1
-0.6383152728444778,-0.8224405158422775,-0.277999484765713,-1.4442010965092422,0.18399917477814723,-0.5462416865898835,-0.1576024907729929,-0.1751009070417103,-0.2874850231812314,-0.5631125685866928,1
0.46738651313367613,-0.8224405158422775,-0.277999484765713,-0.3443177691471572,-0.7122866366566154,1.4650612211788014,0.14805458220531442,0.33759246888442723,0.19482456116413907,-0.6337434034202355,1
2.578271740910152,-0.31113764785962583,-0.277999484765713,0.639788365861024,-0.936358089515306,0.16043230803154632,1.7986027762881738,2.388365972588977,2.4685697445066,-0.38653548150283606,2
0.16583148059417963,-0.8224405158422775,-0.277999484765713,0.5240111735071203,-0.3761794573685794,1.573780297274406,0.3314488259922988,0.33759246888442723,0.26372593035633485,-0.4571663163363788,2
-2.3471271239016245,-0.31113764785962583,3.051241308501409,1.2186743276305423,2.0886065240770177,-0.5462416865898835,-2.847384732982097,-3.6357811945431386,-3.0435397908690627,0.7082424584170757,3
0.06531313641434745,-0.5667890818509517,-0.277999484765713,-1.0389809232705793,0.29603490120749265,-0.5462416865898835,0.5759744843749447,0.08124578092135848,0.33262729954853065,0.9201349629177038,1
0.2663498247740118,-0.8224405158422775,1.386620911867848,-1.2705353079783865,0.29603490120749265,-0.5462416865898835,-0.09647107617733143,-0.5596209389863135,-0.2874850231812314,0.531665371333219,1
-0.5377969286646456,-0.31113764785962583,-0.277999484765713,-0.9810923270936274,1.9765707976476725,-0.5462416865898835,-0.7689166367296075,-0.1110142350509431,-0.7008932383344062,1.7677049809202163,1
2.578271740910152,-0.8224405158422775,-0.277999484765713,0.5818997696840722,-0.936358089515306,-0.5462416865898835,1.9819970200751582,2.0679326126351416,2.055161529353425,-0.5984279860034641,1
0.6684232014933404,-0.05548621386830003,-0.277999484765713,0.9871199429227351,-0.15210800450988876,-0.5462416865898835,0.27031741139663734,0.14533245291212565,0.26372593035633485,-0.033381307335122595,1
0.46738651313367613,-0.5667890818509517,-0.277999484765713,0.4661225773301685,-0.7122866366566154,0.649668150461767,0.27031741139663734,0.4016791408751944,0.26372593035633485,-0.6337434034202355,1
-0.4372785844848134,-0.8224405158422775,-0.277999484765713,0.5240111735071203,-0.936358089515306,-0.4918821485420812,-0.2798653199643158,-0.1110142350509431,-0.2874850231812314,-0.6337434034202355,1
-1.3419436821033028,-0.05548621386830003,-0.277999484765713,0.17667959644540931,-0.7122866366566154,-0.22008445830306972,-0.8911794659209304,-0.5596209389863135,-0.9075973459109935,-0.4218508989196074,1
0.7689415456731726,0.4558166541143516,-0.277999484765713,0.5818997696840722,-0.7122866366566154,-0.4918821485420812,1.3706828741185437,1.1066325327736335,1.228345099047076,-0.20995839441897932,1
1.2715332665723336,-0.8224405158422775,-0.277999484765713,1.7396716932231089,-1.272465268803342,1.7368589114178128,0.27031741139663734,0.46576581286596164,0.33262729954853065,-0.6690588208370069,2
0.8694598898530048,-0.5667890818509517,-0.277999484765713,-0.3443177691471572,-0.15210800450988876,0.649668150461767,1.1872886303315593,0.33759246888442723,0.7460355147017054,1.9089666505873015,1
1.472569954931998,-0.8224405158422775,-0.277999484765713,0.23456819262236114,-0.8243223630859606,2.117375677752429,1.3706828741185437,1.5552392367090038,1.503950575815859,-0.6690588208370069,1
-0.4372785844848134,-0.8224405158422775,-0.277999484765713,0.9871199429227351,-1.0483938159446513,2.3891733679914404,-0.4021281491556387,-0.3032742510232447,-0.42528776156562303,-0.6690588208370069,2
0.8694598898530048,-0.8224405158422775,-0.277999484765713,-0.11276338443934987,-0.7122866366566154,0.5953086124139646,0.4537116551836217,0.593939156847496,0.539331407125118,-0.6337434034202355,1
1.673606643291662,-0.8224405158422775,-0.277999484765713,0.5240111735071203,-0.936358089515306,0.48658953631836005,0.9427629719489135,1.4270658927274695,1.3661478374314675,-0.5631125685866928,2
-1.3419436821033028,-0.05548621386830003,-0.277999484765713,-0.3443177691471572,-0.26414373093923393,-0.5462416865898835,-0.8911794659209304,-0.23918757903247748,-0.7697946075266019,0.3904037016661336,1
0.2663498247740118,-0.8224405158422775,-0.277999484765713,-0.8653151347397238,-0.04007227808054335,-0.5462416865898835,-0.09647107617733143,-0.1110142350509431,-0.08078091560464408,-0.06869672475189394,1
2.3772350525504873,1.478422390079655,-0.277999484765713,0.060902404091505644,-0.7122866366566154,-0.5462416865898835,1.554077117905528,2.0679326126351416,1.9173587909690337,-0.4571663163363788,1
-1.8445354030024639,0.2001652201230258,1.386620911867848,-1.3863125003322903,0.6321420804955284,-0.5462416865898835,-0.4021281491556387,-0.36736092301401185,-0.42528776156562303,1.4145508067525028,1
1.0704965782126692,-0.8224405158422775,-0.277999484765713,-0.11276338443934987,-0.7122866366566154,-0.5462416865898835,1.1872886303315593,1.298892548745935,1.2972464682392717,-0.5984279860034641,2
0.46738651313367613,0.9671195220970032,-0.277999484765713,0.6976769620379758,-0.7122866366566154,-0.5462416865898835,0.6371058989706061,0.6580258288382632,0.6082327763173138,-0.4571663163363788,1
0.06531313641434745,-0.05548621386830003,-0.277999484765713,-1.7915326735709531,1.192320712642255,-0.5462416865898835,-0.03533966158166997,-0.04692756306017591,-0.08078091560464408,-0.20995839441897932,1
-1.4424620262831351,-0.8224405158422775,-0.277999484765713,-1.1547581156244828,-0.15210800450988876,-0.5462416865898835,-1.0745737097079149,-0.9441409709309165,-1.1832028226797766,-0.6337434034202355,1
1.673606643291662,-0.8224405158422775,-0.277999484765713,1.9712260779309163,-1.0483938159446513,0.3778704602227555,0.8816315573532519,0.9784591887920991,0.8838382530860969,-0.6337434034202355,3
0.06531313641434745,-0.5667890818509517,3.051241308501409,-1.2126467118014348,5.113571137669342,-0.5462416865898835,-3.764355951917019,-1.77726770681089,-2.1478219913705177,5.334562140014122,3
-0.03520520776548472,1.2227709560883293,-0.277999484765713,-0.74953794238582,-0.15210800450988876,-0.5462416865898835,-0.09647107617733143,0.33759246888442723,0.19482456116413907,-0.174642977002208,1
0.2663498247740118,3.267982428018936,-0.277999484765713,-0.6916493462088682,3.993213873375889,-0.5462416865898835,0.5148430697792832,1.5552392367090038,1.6417533142002505,1.9442820680040729,1
-1.0403886495638064,-0.05548621386830003,-0.277999484765713,0.29245678879931297,-0.60025091022727,-0.4375226104942789,-0.5243909783469617,-0.431447595004779,-0.5630904999500146,-0.5277971511699214,1
-0.03520520776548472,-0.8224405158422775,-0.277999484765713,-0.9232037309166756,0.07196344834880182,0.3235109221749532,0.5759744843749447,0.017159108930591284,0.1259231919719433,0.42571911908290494,1
0.46738651313367613,-0.8224405158422775,-0.277999484765713,0.6976769620379758,-0.936358089515306,0.8671063026529761,0.5759744843749447,0.6580258288382632,0.6771341455095096,-0.5631125685866928,2
-1.0403886495638064,-0.8224405158422775,-0.277999484765713,1.334451519984446,-0.936358089515306,1.2476230689875922,-0.8911794659209304,-0.6877942829678478,-0.8386959767187977,-0.6337434034202355,2
1.2715332665723336,0.4558166541143516,-0.277999484765713,-1.0389809232705793,-0.04007227808054335,-0.4375226104942789,0.759368728161929,0.8502858448105648,0.8149368838939012,-0.4218508989196074,1
-0.13572355194531688,-0.8224405158422775,1.386620911867848,-0.8653151347397238,-0.04007227808054335,-0.5462416865898835,-2.3583334162168055,-1.2004876588939852,-0.9075973459109935,1.8736512331705304,3
-0.8393519612041421,0.2001652201230258,-0.277999484765713,-1.3863125003322903,0.9682492597835647,-0.5462416865898835,0.3314488259922988,-0.8159676269493822,-0.4941891307578188,2.5799595815059573,1
0.36686816895384394,-0.8224405158422775,-0.277999484765713,0.6976769620379758,0.5201063540661832,-0.5462416865898835,0.27031741139663734,-0.04692756306017591,0.1259231919719433,-0.10401214216866529,1
0.46738651313367613,-0.31113764785962583,-0.277999484765713,-0.11276338443934987,-0.7122866366566154,0.16043230803154632,0.5759744843749447,0.6580258288382632,0.539331407125118,-0.5984279860034641,1
-0.13572355194531688,-0.8224405158422775,-0.277999484765713,-1.2126467118014348,0.8562135333542192,-0.5462416865898835,-3.1530418059604046,-1.6490943628293557,-2.2167233605627135,3.2156370950078417,1
0.16583148059417963,1.9897252580623066,-0.277999484765713,0.7555655582149277,-0.48821518379792467,-0.5462416865898835,0.6371058989706061,0.5298524848567288,0.539331407125118,-0.4571663163363788,1
-1.0403886495638064,-0.8224405158422775,-0.277999484765713,0.17667959644540931,-0.936358089515306,-0.11136538220746513,-0.707785222133946,-0.5596209389863135,-0.7697946075266019,-0.6337434034202355,1
0.46738651313367613,-0.8224405158422775,-0.277999484765713,0.8713427505688314,-0.936358089515306,-0.05700584415966284,0.27031741139663734,0.33759246888442723,0.26372593035633485,-0.6337434034202355,2
1.57308829911183,-0.5667890818509517,-0.277999484765713,0.4661225773301685,-0.936358089515306,0.48658953631836005,1.0650258011402363,1.298892548745935,1.228345099047076,-0.6690588208370069,1
1.673606643291662,-0.8224405158422775,-0.277999484765713,1.8554488855770126,-1.272465268803342,4.019959509425509,0.759368728161929,0.9143725168013319,0.8838382530860969,-0.6690588208370069,3
-0.03520520776548472,0.9671195220970032,-0.277999484765713,-0.8653151347397238,0.29603490120749265,-0.5462416865898835,-0.2798653199643158,-0.1110142350509431,-0.21858365398903565,-0.033381307335122595,1
0.969978234032837,-0.8224405158422775,-0.277999484765713,1.2186743276305423,-1.1604295423739965,-0.274443996350872,0.5148430697792832,0.6580258288382632,0.6082327763173138,-0.6337434034202355,1
-1.2414253379234708,1.9897252580623066,-0.277999484765713,-0.4600949615010609,-0.04007227808054335,-0.5462416865898835,-0.2798653199643158,-0.1751009070417103,-0.2874850231812314,-0.38653548150283606,1
1.472569954931998,-0.8224405158422775,-0.277999484765713,1.6238945008692052,-0.8243223630859606,-0.5462416865898835,0.759368728161929,0.9784591887920991,0.8838382530860969,-0.6690588208370069,2
0.2663498247740118,-0.8224405158422775,-0.277999484765713,1.5660059046922534,-0.3761794573685794,0.5953086124139646,-0.03533966158166997,0.017159108930591284,-0.011879546412448292,-0.6337434034202355,1
-1.3419436821033028,-0.05548621386830003,-0.277999484765713,-0.054874788262398035,0.18399917477814723,0.05171323193594174,-0.7689166367296075,-0.751880954958615,-0.8386959767187977,-0.13932755958543663,1
-0.03520520776548472,-0.8224405158422775,6.38048210176853,0.9292313467457832,0.6321420804955284,-0.5462416865898835,-3.7032245373213577,-2.6744811146816305,-3.1813425292534543,1.9442820680040729,3
0.5679048573135083,0.2001652201230258,-0.277999484765713,0.639788365861024,-0.936358089515306,-0.5462416865898835,0.9427629719489135,1.1066325327736335,1.0905423606626843,-0.5631125685866928,1
-0.6383152728444778,0.7114680881056774,-0.277999484765713,0.003013807914553804,-0.26414373093923393,-0.5462416865898835,-0.5243909783469617,-0.23918757903247748,-0.42528776156562303,-0.4218508989196074,1
0.06531313641434745,-0.8224405158422775,-0.277999484765713,-1.5599782888631457,0.8562135333542192,-0.5462416865898835,-0.707785222133946,-1.1364009869032181,-0.8386959767187977,1.5558124764195882,1
1.472569954931998,-0.8224405158422775,-0.277999484765713,-0.1706519806163017,-0.8243223630859606,0.48658953631836005,1.554077117905528,1.6834125806905382,1.7106546833924463,-0.6690588208370069,2
1.3720516107521656,0.7114680881056774,-0.277999484765713,-0.28642917297020537,-0.48821518379792467,1.4650612211788014,1.1872886303315593,1.4270658927274695,1.4350492066236633,-0.6337434034202355,1
0.46738651313367613,-0.5667890818509517,-0.277999484765713,-0.1706519806163017,-0.3761794573685794,0.5409490743661624,1.4929457033098665,1.3629792207367022,1.4350492066236633,-0.38653548150283606,1
-0.5377969286646456,-0.8224405158422775,-0.277999484765713,2.2606690588156755,-1.1604295423739965,3.748161819186497,-0.5855223929426231,-0.5596209389863135,-0.6319918691422104,-0.6690588208370069,3
0.969978234032837,1.2227709560883293,-0.277999484765713,0.17667959644540931,-0.48821518379792467,-0.5462416865898835,0.5759744843749447,0.9784591887920991,0.7460355147017054,-0.4571663163363788,1
1.1710149223925013,-0.05548621386830003,-0.277999484765713,0.4082339811532167,-0.8243223630859606,-0.5462416865898835,1.1872886303315593,1.3629792207367022,1.3661478374314675,-0.6337434034202355,2
1.8746433316513265,-0.8224405158422775,-0.277999484765713,0.8134541543918795,-1.0483938159446513,2.932768748469463,1.3706828741185437,1.4270658927274695,1.503950575815859,-0.6337434034202355,2
-1.8445354030024639,0.4558166541143516,-0.277999484765713,-1.3863125003322903,0.18399917477814723,-0.5462416865898835,-1.0745737097079149,-0.8800542989401494,-1.1143014534875808,-0.4571663163363788,1
1.1710149223925013,1.2227709560883293,-0.277999484765713,-0.3443177691471572,0.5201063540661832,-0.5462416865898835,1.0038943865445749,1.0425458607828664,1.0905423606626843,-0.10401214216866529,1
0.7689415456731726,0.2001652201230258,-0.277999484765713,0.5818997696840722,-0.7122866366566154,-0.4918821485420812,1.3706828741185437,1.1066325327736335,1.228345099047076,-0.174642977002208,1
-1.2414253379234708,-0.8224405158422775,-0.277999484765713,1.1028971352766388,0.8562135333542192,-0.5462416865898835,-4.314538683277973,-3.1871744906077684,-3.1813425292534543,3.18032167759107,3
-1.3419436821033028,-0.8224405158422775,-0.277999484765713,0.11879100026845747,-0.60025091022727,-0.4375226104942789,-1.3190993680905607,-0.9441409709309165,-1.1832028226797766,-0.5277971511699214,1
0.16583148059417963,0.7114680881056774,-0.277999484765713,0.639788365861024,-0.3761794573685794,-0.5462416865898835,0.5759744843749447,0.593939156847496,0.539331407125118,-0.4571663163363788,1
-0.8393519612041421,0.4558166541143516,-0.277999484765713,0.7555655582149277,0.6321420804955284,-0.5462416865898835,-0.4632595637513002,-0.8800542989401494,-0.9764987151031893,0.2491420319990482,1
-0.03520520776548472,-0.05548621386830003,-0.277999484765713,-1.096869519447531,0.07196344834880182,-0.5462416865898835,0.14805458220531442,0.20941912490289286,0.057021822779747496,-0.3512200640860647,1
-0.03520520776548472,-0.5667890818509517,3.051241308501409,0.7555655582149277,1.6404636183596362,-0.5462416865898835,-0.7689166367296075,-2.354047754727795,-2.354526098947105,2.685905833756271,3
0.16583148059417963,-0.8224405158422775,-0.277999484765713,1.0450085390996868,-1.0483938159446513,3.150206900660672,-0.09647107617733143,0.017159108930591284,-0.08078091560464408,-0.6690588208370069,2
-1.3419436821033028,-0.8224405158422775,3.051241308501409,0.9871199429227351,0.4080706276368378,-0.5462416865898835,-3.1530418059604046,-2.738567786672398,-2.4923288373314967,0.8495041280841611,3
-0.8393519612041421,-0.8224405158422775,-0.277999484765713,0.8713427505688314,0.07196344834880182,-0.5462416865898835,-0.5855223929426231,-1.1364009869032181,-0.9075973459109935,0.3904037016661336,1
-0.8393519612041421,-0.8224405158422775,-0.277999484765713,-0.8653151347397238,-0.3761794573685794,0.2691513841271509,-0.8911794659209304,-0.8800542989401494,-0.9764987151031893,-0.5984279860034641,1
-0.8393519612041421,-0.8224405158422775,-0.277999484765713,-0.5179835576780127,-0.60025091022727,0.43222999827055775,-0.4021281491556387,-0.36736092301401185,-0.4941891307578188,-0.6690588208370069,1
-0.5377969286646456,-0.8224405158422775,4.715861705134969,-1.0389809232705793,0.9682492597835647,-0.5462416865898835,-0.5243909783469617,-1.77726770681089,-0.9764987151031893,3.780683773676183,3
-0.13572355194531688,1.734073824070981,-0.277999484765713,-1.1547581156244828,0.4080706276368378,-0.5462416865898835,0.759368728161929,0.7221125008290303,0.7460355147017054,-0.033381307335122595,1
-0.03520520776548472,-0.31113764785962583,-0.277999484765713,0.17667959644540931,-0.48821518379792467,-0.4918821485420812,-0.1576024907729929,0.08124578092135848,-0.08078091560464408,-0.5631125685866928,1
0.7689415456731726,-0.5667890818509517,-0.277999484765713,0.5240111735071203,-0.48821518379792467,0.10607276998374403,0.759368728161929,0.14533245291212565,0.6082327763173138,1.732389563503445,1
0.46738651313367613,-0.8224405158422775,-0.277999484765713,0.9871199429227351,-1.0483938159446513,1.0845444548441854,0.39258024058796026,0.5298524848567288,0.4704300379329222,-0.49248173375315013,2
1.1710149223925013,-0.05548621386830003,-0.277999484765713,-0.74953794238582,0.4080706276368378,-0.5462416865898835,0.759368728161929,0.7861991728197976,0.8149368838939012,-0.280589229252522,1
-0.9398703053839742,-0.8224405158422775,-0.277999484765713,2.3185576549926274,-1.272465268803342,3.3132855148040794,-0.8300480513252689,-0.751880954958615,-0.9075973459109935,-0.6690588208370069,3
-0.8393519612041421,-0.8224405158422775,-0.277999484765713,0.8134541543918795,0.5201063540661832,-0.5462416865898835,-0.4632595637513002,-1.1364009869032181,-0.9075973459109935,0.2491420319990482,1
0.8694598898530048,3.267982428018936,-0.277999484765713,-0.8653151347397238,1.9765707976476725,-0.5462416865898835,1.7986027762881738,1.234805876755168,1.503950575815859,1.2732891370854174,1
-0.8393519612041421,-0.8224405158422775,-0.277999484765713,1.0450085390996868,-0.04007227808054335,-0.5462416865898835,-1.624756441068868,-1.5209210188478213,-1.734413776217343,-0.4218508989196074,1
1.57308829911183,-0.8224405158422775,-0.277999484765713,0.5818997696840722,-0.15210800450988876,2.3891733679914404,0.759368728161929,0.8502858448105648,0.8838382530860969,-0.38653548150283606,2
0.2663498247740118,1.478422390079655,-0.277999484765713,-0.054874788262398035,-0.04007227808054335,-0.5462416865898835,0.39258024058796026,0.6580258288382632,0.6082327763173138,-0.38653548150283606,1
1.1710149223925013,-0.8224405158422775,-0.277999484765713,1.7396716932231089,-1.272465268803342,1.8999375255612196,0.5148430697792832,0.6580258288382632,0.6082327763173138,-0.6690588208370069,2
0.8694598898530048,-0.8224405158422775,-0.277999484765713,0.4661225773301685,-0.8243223630859606,-0.274443996350872,0.4537116551836217,0.6580258288382632,0.6082327763173138,-0.5984279860034641,1
0.06531313641434745,2.5010281260449583,-0.277999484765713,0.003013807914553804,1.5284278919302914,-0.5462416865898835,0.759368728161929,0.7861991728197976,1.0216409914704885,0.42571911908290494,1
-1.1409069937436387,-0.8224405158422775,-0.277999484765713,2.08700327028482,-0.936358089515306,-0.22008445830306972,-0.9523108805165919,-0.8159676269493822,-1.045400084295385,-0.5631125685866928,3
1.2715332665723336,-0.05548621386830003,-0.277999484765713,-0.5758721538549646,-0.04007227808054335,1.1389039928919875,1.4929457033098665,1.1066325327736335,1.228345099047076,0.14319577974873415,1
-0.6383152728444778,-0.8224405158422775,-0.277999484765713,-1.5599782888631457,0.9682492597835647,-0.5462416865898835,-0.4021281491556387,-0.8159676269493822,-0.9764987151031893,0.14319577974873415,1
-0.03520520776548472,-0.8224405158422775,-0.277999484765713,1.5081173085153015,-1.1604295423739965,3.693802281138695,-0.21873390536865436,-0.04692756306017591,-0.21858365398903565,-0.6690588208370069,3
-1.1409069937436387,-0.31113764785962583,-0.277999484765713,-1.5599782888631457,4.105249599805234,-0.5462416865898835,-0.6466538075382846,-0.6877942829678478,-0.7697946075266019,0.3197728668325909,1
-0.33676024030498125,0.2001652201230258,-0.277999484765713,0.23456819262236114,1.6404636183596362,-0.5462416865898835,-0.1576024907729929,-0.23918757903247748,-0.14968228479683987,-0.280589229252522,1
-0.8393519612041421,0.9671195220970032,-0.277999484765713,-1.4442010965092422,0.8562135333542192,-0.5462416865898835,-0.707785222133946,-0.5596209389863135,-0.7008932383344062,-0.280589229252522,1
0.6684232014933404,-0.8224405158422775,-0.277999484765713,1.1607857314535905,-1.0483938159446513,0.8127467646051738,0.27031741139663734,0.20941912490289286,0.19482456116413907,-0.5277971511699214,2
-1.1409069937436387,0.2001652201230258,-0.277999484765713,-1.5599782888631457,0.7441778069248738,-0.5462416865898835,-0.4021281491556387,-0.431447595004779,-0.5630904999500146,-0.5277971511699214,1
-0.8393519612041421,-0.8224405158422775,-0.277999484765713,1.2186743276305423,-1.1604295423739965,3.530723666995288,-0.7689166367296075,-0.6237076109770806,-0.8386959767187977,-0.6690588208370069,3
-0.6383152728444778,-0.31113764785962583,-0.277999484765713,0.8134541543918795,-0.936358089515306,-0.38316307244647657,-0.5243909783469617,-0.23918757903247748,-0.42528776156562303,-0.5277971511699214,1
-1.1409069937436387,0.9671195220970032,-0.277999484765713,-1.3863125003322903,0.4080706276368378,-0.5462416865898835,-0.4021281491556387,-0.6237076109770806,-0.5630904999500146,-0.033381307335122595,1
-1.2414253379234708,0.7114680881056774,-0.277999484765713,-0.4600949615010609,-0.48821518379792467,-0.5462416865898835,0.759368728161929,-0.23918757903247748,-0.42528776156562303,0.9907657977512465,1
-0.33676024030498125,-0.31113764785962583,-0.277999484765713,0.8134541543918795,0.7441778069248738,-0.5462416865898835,-1.0134422951122533,-2.354047754727795,-1.5966110378329514,2.6505904163395,3
1.2715332665723336,-0.8224405158422775,-0.277999484765713,1.0450085390996868,-1.0483938159446513,1.6824993733700104,0.8816315573532519,0.9784591887920991,0.9527396222782927,-0.6337434034202355,2
-1.1409069937436387,-0.05548621386830003,-0.277999484765713,-1.6178668850400977,0.7441778069248738,-0.5462416865898835,-0.7689166367296075,-0.6877942829678478,-0.8386959767187977,-0.4571663163363788,1
0.969978234032837,0.7114680881056774,-0.277999484765713,-1.096869519447531,0.07196344834880182,-0.5462416865898835,1.0650258011402363,1.1066325327736335,1.0905423606626843,0.14319577974873415,1
-1.8445354030024639,0.4558166541143516,-0.277999484765713,-1.4442010965092422,0.18399917477814723,-0.5462416865898835,-1.5636250264732066,-1.072314314912451,-1.4588082994485598,-0.280589229252522,1
0.969978234032837,1.2227709560883293,-0.277999484765713,0.7555655582149277,0.9682492597835647,-0.5462416865898835,0.759368728161929,-0.1751009070417103,1.0216409914704885,-0.174642977002208,1
0.36686816895384394,-0.31113764785962583,-0.277999484765713,0.639788365861024,0.5201063540661832,-0.5462416865898835,0.08692316760965295,-0.3032742510232447,0.057021822779747496,0.4610345364996763,1
0.8694598898530048,2.5010281260449583,-0.277999484765713,-0.5179835576780127,-0.26414373093923393,-0.5462416865898835,2.348785507649127,2.4524526445797443,2.6063724828909915,-0.280589229252522,1
-1.0403886495638064,-0.8224405158422775,-0.277999484765713,0.11879100026845747,-0.60025091022727,-0.16572492025526742,-0.5243909783469617,-0.49553426699554626,-0.6319918691422104,-0.5984279860034641,1
-1.0403886495638064,-0.8224405158422775,-0.277999484765713,1.334451519984446,-1.1604295423739965,3.041487824565068,-0.8911794659209304,-0.751880954958615,-0.9764987151031893,-0.6337434034202355,2
-2.7492005006209532,0.7114680881056774,-0.277999484765713,0.9871199429227351,-0.7122866366566154,-0.5462416865898835,-1.5636250264732066,-1.2004876588939852,-1.6655124070251472,-0.174642977002208,1
0.969978234032837,-0.8224405158422775,-0.277999484765713,1.1028971352766388,-0.936358089515306,0.9758253787485808,0.39258024058796026,0.593939156847496,0.539331407125118,-0.5984279860034641,2
-2.3471271239016245,-0.31113764785962583,-0.277999484765713,0.8713427505688314,-0.48821518379792467,-0.5462416865898835,-1.5636250264732066,-1.3927476748662868,-1.734413776217343,-0.24527381183575067,1
1.0704965782126692,0.7114680881056774,-0.277999484765713,-0.74953794238582,0.29603490120749265,-0.5462416865898835,0.6371058989706061,0.9143725168013319,0.8838382530860969,-0.280589229252522,1
1.0704965782126692,1.734073824070981,-0.277999484765713,-0.5179835576780127,-0.48821518379792467,-0.5462416865898835,1.0650258011402363,1.234805876755168,1.15944372985488,-0.5277971511699214,1
0.7689415456731726,-0.31113764785962583,-0.277999484765713,-1.2705353079783865,0.5201063540661832,-0.4918821485420812,0.4537116551836217,0.4016791408751944,0.4704300379329222,-0.06869672475189394,1
1.3720516107521656,-0.8224405158422775,-0.277999484765713,0.060902404091505644,-0.8243223630859606,2.2804542918958357,1.3706828741185437,1.4911525647182367,1.4350492066236633,-0.6690588208370069,2
1.2715332665723336,0.4558166541143516,-0.277999484765713,-0.4600949615010609,-0.48821518379792467,0.43222999827055775,1.0038943865445749,1.234805876755168,1.15944372985488,-0.5277971511699214,1
0.8694598898530048,-0.31113764785962583,-0.277999484765713,-0.3443177691471572,0.07196344834880182,0.9214658407007784,1.1872886303315593,0.33759246888442723,0.8149368838939012,2.156174572504701,1
1.472569954931998,-0.8224405158422775,-0.277999484765713,1.2186743276305423,-1.1604295423739965,3.530723666995288,0.759368728161929,0.9143725168013319,0.8838382530860969,-0.6690588208370069,3
0.7689415456731726,-0.8224405158422775,-0.277999484765713,0.003013807914553804,-0.60025091022727,-0.5462416865898835,1.0038943865445749,0.593939156847496,0.6082327763173138,-0.13932755958543663,1
-1.2414253379234708,0.7114680881056774,-0.277999484765713,0.5240111735071203,0.07196344834880182,-0.5462416865898835,-0.8300480513252689,-0.5596209389863135,-0.7697946075266019,0.0019341100816487541,1
-0.03520520776548472,-0.31113764785962583,-0.277999484765713,-0.054874788262398035,-0.26414373093923393,-0.5462416865898835,0.08692316760965295,0.017159108930591284,-0.011879546412448292,-0.3512200640860647,1
-0.8393519612041421,-0.31113764785962583,-0.277999484765713,-0.9810923270936274,-0.26414373093923393,-0.38316307244647657,-0.707785222133946,-0.49553426699554626,-0.7008932383344062,-0.5631125685866928,1
0.16583148059417963,-0.8224405158422775,-0.277999484765713,1.334451519984446,-1.1604295423739965,4.019959509425509,-0.09647107617733143,0.08124578092135848,-0.08078091560464408,-0.6690588208370069,3
1.472569954931998,-0.8224405158422775,-0.277999484765713,0.23456819262236114,-0.8243223630859606,2.4978924440870447,1.3706828741185437,1.5552392367090038,1.5728519450080547,-0.6690588208370069,1
-1.8445354030024639,0.7114680881056774,-0.277999484765713,-1.6178668850400977,0.4080706276368378,-0.5462416865898835,-0.707785222133946,-0.8800542989401494,-1.045400084295385,-0.3512200640860647,1
0.8694598898530048,-0.8224405158422775,-0.277999484765713,-0.22854057679325354,-0.60025091022727,-0.38316307244647657,0.4537116551836217,0.593939156847496,0.539331407125118,-0.6337434034202355,1
0.16583148059417963,-0.8224405158422775,-0.277999484765713,0.4082339811532167,-0.936358089515306,0.10607276998374403,0.14805458220531442,0.14533245291212565,0.1259231919719433,-0.5984279860034641,1
-0.03520520776548472,-0.31113764785962583,-0.277999484765713,-0.74953794238582,-0.26414373093923393,-0.16572492025526742,-0.09647107617733143,0.017159108930591284,-0.08078091560464408,-0.49248173375315013,1
-0.4372785844848134,0.4558166541143516,-0.277999484765713,-0.74953794238582,0.4080706276368378,-0.5462416865898835,-0.03533966158166997,0.08124578092135848,-0.08078091560464408,-0.4571663163363788,1
-1.7440170588226316,-0.31113764785962583,-0.277999484765713,-0.402206365324109,0.29603490120749265,-0.4918821485420812,-0.6466538075382846,-0.6877942829678478,-0.7697946075266019,-0.3512200640860647,1
2.578271740910152,-0.8224405158422775,-0.277999484765713,1.2765629238074943,-1.1604295423739965,0.5953086124139646,1.554077117905528,1.8115859246720727,1.7795560525846421,-0.6690588208370069,2
-1.3419436821033028,-0.8224405158422775,-0.277999484765713,0.5240111735071203,-0.936358089515306,0.10607276998374403,-0.8911794659209304,-0.8159676269493822,-1.045400084295385,-0.6337434034202355,1
2.2767167083706554,-0.8224405158422775,1.386620911867848,-0.74953794238582,4.553392505522615,-0.5462416865898835,-1.257967953494899,-0.23918757903247748,-0.14968228479683987,3.145006260174299,2
0.7689415456731726,-0.8224405158422775,-0.277999484765713,0.7555655582149277,-0.936358089515306,0.649668150461767,0.5148430697792832,0.593939156847496,0.539331407125118,-0.6337434034202355,2
1.0704965782126692,-0.8224405158422775,-0.277999484765713,-0.054874788262398035,-0.60025091022727,-0.4918821485420812,1.4929457033098665,1.4911525647182367,1.503950575815859,-0.49248173375315013,1
1.472569954931998,0.2001652201230258,-0.277999484765713,-0.6337607500319165,-0.60025091022727,-0.11136538220746513,1.1872886303315593,1.4270658927274695,1.3661478374314675,-0.5631125685866928,1
0.36686816895384394,1.9897252580623066,-0.277999484765713,0.5240111735071203,-0.26414373093923393,-0.5462416865898835,0.5148430697792832,0.593939156847496,0.539331407125118,-0.38653548150283606,1
-0.13572355194531688,2.5010281260449583,-0.277999484765713,-0.9232037309166756,3.8811781469465427,-0.5462416865898835,-0.2798653199643158,1.234805876755168,1.7106546833924463,4.169153365260668,1
2.578271740910152,-0.5667890818509517,-0.277999484765713,0.5818997696840722,-0.936358089515306,-0.11136538220746513,1.7986027762881738,2.196105956616676,2.1929642677378167,-0.49248173375315013,2
1.2715332665723336,1.2227709560883293,-0.277999484765713,-1.096869519447531,-0.04007227808054335,-0.4918821485420812,0.9427629719489135,1.234805876755168,1.15944372985488,-0.4571663163363788,1
1.2715332665723336,-0.5667890818509517,-0.277999484765713,-1.096869519447531,0.4080706276368378,-0.05700584415966284,0.8205001427575905,0.46576581286596164,0.539331407125118,0.1078803623319628,1
2.578271740910152,-0.5667890818509517,-0.277999484765713,0.8134541543918795,-1.0483938159446513,-0.11136538220746513,1.676339947096851,1.8756725966628398,1.9173587909690337,-0.6337434034202355,1
1.1710149223925013,-0.31113764785962583,-0.277999484765713,-0.402206365324109,0.07196344834880182,-0.5462416865898835,0.6371058989706061,0.8502858448105648,0.7460355147017054,-0.4218508989196074,1
-0.33676024030498125,0.9671195220970032,-0.277999484765713,0.29245678879931297,0.29603490120749265,-0.5462416865898835,0.39258024058796026,0.20941912490289286,0.33262729954853065,0.35508828424936223,1
0.6684232014933404,-0.8224405158422775,-0.277999484765713,2.08700327028482,-1.272465268803342,2.0630161397046267,0.4537116551836217,0.6580258288382632,0.539331407125118,-0.6690588208370069,1
1.1710149223925013,-0.8224405158422775,-0.277999484765713,0.9292313467457832,-1.0483938159446513,0.7040276885095692,0.5148430697792832,0.593939156847496,0.6082327763173138,-0.6337434034202355,2
0.06531313641434745,-0.05548621386830003,8.045102498402093,1.0450085390996868,0.5201063540661832,-0.5462416865898835,-3.0307789767690814,-2.2258744107462602,-2.5612302065236925,2.2621208247550153,3
-0.23624189612514906,1.9897252580623066,-0.277999484765713,-1.1547581156244828,0.07196344834880182,-0.5462416865898835,0.6371058989706061,0.7221125008290303,0.6082327763173138,-0.4218508989196074,1
0.06531313641434745,-0.05548621386830003,-0.277999484765713,0.35034538497626483,2.6487851562237448,-0.5462416865898835,-0.09647107617733143,0.017159108930591284,0.057021822779747496,0.21382661458227684,1
1.472569954931998,-0.05548621386830003,-0.277999484765713,0.8134541543918795,-0.936358089515306,0.8671063026529761,0.9427629719489135,1.1066325327736335,1.0905423606626843,-0.5984279860034641,2
0.16583148059417963,0.9671195220970032,-0.277999484765713,0.639788365861024,-0.8243223630859606,-0.38316307244647657,0.27031741139663734,0.5298524848567288,0.4015286687407264,-0.5984279860034641,1
-1.4424620262831351,-0.8224405158422775,-0.277999484765713,-1.1547581156244828,-0.15210800450988876,-0.5462416865898835,-1.0745737097079149,-0.9441409709309165,-1.1832028226797766,-0.6337434034202355,1
0.8694598898530048,-0.5667890818509517,-0.277999484765713,-0.22854057679325354,-0.7122866366566154,1.4650612211788014,0.5759744843749447,0.7221125008290303,0.6771341455095096,-0.6690588208370069,1
-0.13572355194531688,1.2227709560883293,-0.277999484765713,0.4661225773301685,1.5284278919302914,-0.5462416865898835,0.39258024058796026,-1.072314314912451,0.26372593035633485,2.862482920840128,1
1.472569954931998,-0.8224405158422775,-0.277999484765713,0.8134541543918795,-0.936358089515306,1.573780297274406,1.0038943865445749,1.1066325327736335,1.0905423606626843,-0.6337434034202355,2
1.2715332665723336,0.2001652201230258,-0.277999484765713,-0.9232037309166756,0.18399917477814723,0.649668150461767,1.4929457033098665,0.9784591887920991,1.228345099047076,0.6022962061667616,1
0.5679048573135083,-0.31113764785962583,-0.277999484765713,0.8134541543918795,-1.0483938159446513,-0.11136538220746513,0.5759744843749447,0.7221125008290303,0.6771341455095096,-0.6690588208370069,2
0.8694598898530048,-0.8224405158422775,-0.277999484765713,0.7555655582149277,-1.0483938159446513,-0.11136538220746513,0.5759744843749447,0.7221125008290303,0.6771341455095096,-0.6337434034202355,2
-0.8393519612041421,-0.05548621386830003,-0.277999484765713,-1.0389809232705793,-0.26414373093923393,-0.5462416865898835,-0.4021281491556387,-0.3032742510232447,-0.42528776156562303,-0.6337434034202355,1
1.7741249874714944,-0.8224405158422775,-0.277999484765713,0.35034538497626483,1.7524993447889816,-0.38316307244647657,1.1261572157358979,0.7861991728197976,1.15944372985488,1.9795974854208442,2
2.075680020010991,-0.8224405158422775,-0.277999484765713,1.0450085390996868,-0.48821518379792467,-0.5462416865898835,1.1261572157358979,1.4911525647182367,1.4350492066236633,-0.5984279860034641,2
0.16583148059417963,2.2453766920536324,-0.277999484765713,0.7555655582149277,-0.48821518379792467,-0.5462416865898835,0.6371058989706061,0.593939156847496,0.6082327763173138,-0.4571663163363788,1
-0.5377969286646456,0.4558166541143516,-0.277999484765713,-0.9810923270936274,0.4080706276368378,-0.5462416865898835,-0.2798653199643158,-0.431447595004779,-0.35638639237342723,0.3904037016661336,1
-2.3471271239016245,0.2001652201230258,-0.277999484765713,0.9871199429227351,0.9682492597835647,-0.5462416865898835,-1.8692820994515138,-2.033614394773959,-2.010019252986126,0.8141887106673897,1
-1.8445354030024639,-0.8224405158422775,-0.277999484765713,-1.5599782888631457,0.4080706276368378,-0.5462416865898835,-1.0745737097079149,-1.072314314912451,-1.1832028226797766,-0.5277971511699214,1
-1.1409069937436387,-0.31113764785962583,-0.277999484765713,-1.2126467118014348,0.18399917477814723,-0.5462416865898835,-0.7689166367296075,-0.8159676269493822,-0.9764987151031893,-0.280589229252522,1
0.7689415456731726,0.4558166541143516,-0.277999484765713,0.639788365861024,-0.936358089515306,-0.5462416865898835,0.9427629719489135,1.1707192047644006,1.0905423606626843,-0.5984279860034641,1
0.36686816895384394,-0.31113764785962583,-0.277999484765713,0.639788365861024,0.6321420804955284,-0.5462416865898835,0.27031741139663734,-0.3032742510232447,0.057021822779747496,0.6729270410003043,1
-1.2414253379234708,0.9671195220970032,-0.277999484765713,0.4082339811532167,0.4080706276368378,-0.5462416865898835,-0.8300480513252689,-0.36736092301401185,-0.5630904999500146,0.17851119716550548,1
0.16583148059417963,-0.8224405158422775,-0.277999484765713,1.1607857314535905,-1.0483938159446513,3.2045664387084747,-0.03533966158166997,0.08124578092135848,-0.011879546412448292,-0.6690588208370069,3
-0.4372785844848134,1.478422390079655,-0.277999484765713,-1.3284239041553385,0.18399917477814723,-0.5462416865898835,-0.2798653199643158,0.20941912490289286,-0.011879546412448292,-0.3512200640860647,1
0.969978234032837,-0.8224405158422775,-0.277999484765713,-0.054874788262398035,-0.48821518379792467,-0.5462416865898835,0.759368728161929,0.7861991728197976,0.7460355147017054,-0.5277971511699214,1
-1.2414253379234708,0.4558166541143516,-0.277999484765713,0.639788365861024,-0.936358089515306,-0.32880353439867427,-0.7689166367296075,-0.431447595004779,-0.6319918691422104,-0.5631125685866928,1
-2.7492005006209532,-0.8224405158422775,-0.277999484765713,0.9871199429227351,-0.8243223630859606,-0.5462416865898835,-1.624756441068868,-1.5209210188478213,-1.8033151454095386,-0.6690588208370069,1
-0.7388336170243099,0.4558166541143516,-0.277999484765713,0.11879100026845747,-0.7122866366566154,-0.5462416865898835,-0.2798653199643158,-0.1110142350509431,-0.2874850231812314,-0.5277971511699214,1
-0.8393519612041421,2.756679560036284,-0.277999484765713,-1.4442010965092422,0.9682492597835647,-0.5462416865898835,-0.21873390536865436,-0.04692756306017591,-0.011879546412448292,0.07256494491519144,1
-1.0403886495638064,-0.5667890818509517,-0.277999484765713,-1.0389809232705793,-0.26414373093923393,-0.5462416865898835,-0.8911794659209304,-0.8159676269493822,-0.9764987151031893,-0.4571663163363788,1
-1.3419436821033028,-0.8224405158422775,1.386620911867848,0.9871199429227351,-0.04007227808054335,-0.5462416865898835,-3.1530418059604046,-2.418134426718562,-3.1124411600612585,1.0260812151680179,3
0.6684232014933404,1.734073824070981,-0.277999484765713,0.639788365861024,-0.15210800450988876,-0.5462416865898835,2.348785507649127,1.8756725966628398,2.124062898545621,0.2844574494158195,1
-0.33676024030498125,-0.8224405158422775,-0.277999484765713,1.1607857314535905,-0.936358089515306,0.649668150461767,0.3314488259922988,0.33759246888442723,0.33262729954853065,-0.5277971511699214,2
-0.03520520776548472,0.7114680881056774,-0.277999484765713,0.9871199429227351,0.7441778069248738,-0.5462416865898835,0.27031741139663734,-0.3032742510232447,0.26372593035633485,-0.5631125685866928,1
0.6684232014933404,-0.5667890818509517,-0.277999484765713,1.7975602894000609,-1.0483938159446513,0.649668150461767,0.8816315573532519,0.8502858448105648,0.8838382530860969,-0.5631125685866928,2
1.472569954931998,-0.8224405158422775,-0.277999484765713,0.639788365861024,-0.936358089515306,-0.16572492025526742,0.759368728161929,0.9143725168013319,0.8838382530860969,-0.6337434034202355,1
-1.3419436821033028,1.2227709560883293,-0.277999484765713,-1.096869519447531,2.3126779769357078,-0.5462416865898835,-1.0134422951122533,-0.6877942829678478,-0.8386959767187977,0.21382661458227684,1
0.8694598898530048,-0.05548621386830003,1.386620911867848,1.1028971352766388,2.424713703365054,-0.5462416865898835,0.27031741139663734,-1.7131810348201228,0.6082327763173138,2.332751659588558,1
0.6684232014933404,-0.8224405158422775,-0.277999484765713,0.6976769620379758,0.5201063540661832,-0.5462416865898835,0.27031741139663734,-0.8159676269493822,0.19482456116413907,0.531665371333219,1
-0.03520520776548472,-0.8224405158422775,-0.277999484765713,0.4661225773301685,-0.936358089515306,0.3235109221749532,-0.03533966158166997,0.08124578092135848,-0.08078091560464408,-0.6337434034202355,1
0.969978234032837,-0.8224405158422775,-0.277999484765713,1.0450085390996868,-1.1604295423739965,1.7912184494656151,0.5759744843749447,0.6580258288382632,0.6082327763173138,-0.6337434034202355,2
0.8694598898530048,-0.8224405158422775,-0.277999484765713,-0.1706519806163017,0.18399917477814723,1.2476230689875922,1.1872886303315593,0.4016791408751944,1.0216409914704885,2.4033824944221003,1
0.46738651313367613,1.734073824070981,-0.277999484765713,0.23456819262236114,-0.15210800450988876,-0.5462416865898835,0.6371058989706061,0.6580258288382632,0.6082327763173138,-0.174642977002208,1
-1.3419436821033028,-0.8224405158422775,-0.277999484765713,1.5081173085153015,-0.936358089515306,1.7912184494656151,-1.0745737097079149,0.14533245291212565,-1.1832028226797766,1.9089666505873015,2
-0.03520520776548472,-0.8224405158422775,-0.277999484765713,-0.8653151347397238,0.07196344834880182,-0.5462416865898835,-0.09647107617733143,-0.1751009070417103,-0.14968228479683987,-0.4218508989196074,1
-1.1409069937436387,0.4558166541143516,-0.277999484765713,-1.5599782888631457,0.8562135333542192,-0.5462416865898835,-0.6466538075382846,-0.5596209389863135,-0.7697946075266019,-0.4218508989196074,1
-1.1409069937436387,-0.8224405158422775,-0.277999484765713,-1.3863125003322903,0.18399917477814723,-0.38316307244647657,-0.7689166367296075,-0.9441409709309165,-1.1143014534875808,-0.49248173375315013,1
-0.13572355194531688,1.734073824070981,-0.277999484765713,-1.5599782888631457,0.8562135333542192,-0.5462416865898835,0.20918599680097588,0.20941912490289286,0.26372593035633485,0.35508828424936223,1
1.1710149223925013,3.01233099402761,-0.277999484765713,-0.22854057679325354,0.18399917477814723,-0.5462416865898835,1.1261572157358979,1.3629792207367022,1.3661478374314675,-0.280589229252522,1
1.0704965782126692,0.2001652201230258,-0.277999484765713,-0.402206365324109,-0.48821518379792467,-0.274443996350872,0.8816315573532519,1.1707192047644006,1.0905423606626843,-0.4218508989196074,1
0.6684232014933404,-0.05548621386830003,-0.277999484765713,-0.74953794238582,1.7524993447889816,-0.5462416865898835,0.5759744843749447,0.6580258288382632,0.6771341455095096,0.1078803623319628,1
0.6684232014933404,-0.8224405158422775,-0.277999484765713,0.060902404091505644,-0.48821518379792467,0.5953086124139646,0.8205001427575905,1.1066325327736335,0.9527396222782927,-0.5631125685866928,2
-0.6383152728444778,1.2227709560883293,-0.277999484765713,-1.4442010965092422,0.8562135333542192,-0.5462416865898835,-0.4021281491556387,-0.1110142350509431,-0.21858365398903565,0.4610345364996763,1
0.36686816895384394,-0.8224405158422775,-0.277999484765713,1.7396716932231089,-1.272465268803342,1.6281398353222083,0.02579175301399149,0.4016791408751944,0.19482456116413907,-0.5631125685866928,2
-0.5377969286646456,1.9897252580623066,-0.277999484765713,-0.6337607500319165,0.29603490120749265,-0.5462416865898835,-0.03533966158166997,0.017159108930591284,0.057021822779747496,-0.033381307335122595,1
0.8694598898530048,-0.31113764785962583,-0.277999484765713,0.060902404091505644,-0.7122866366566154,-0.5462416865898835,0.6982373135662676,0.7861991728197976,0.7460355147017054,-0.5984279860034641,1
0.06531313641434745,0.9671195220970032,-0.277999484765713,0.9292313467457832,-0.3761794573685794,-0.5462416865898835,0.6982373135662676,0.593939156847496,0.6082327763173138,-0.13932755958543663,1
-1.3419436821033028,-0.8224405158422775,-0.277999484765713,0.6976769620379758,0.29603490120749265,-0.5462416865898835,-2.847384732982097,-1.77726770681089,-2.1478219913705177,1.5204970590028168,3
1.673606643291662,-0.8224405158422775,-0.277999484765713,1.7975602894000609,-1.272465268803342,2.171735215800231,1.0038943865445749,1.234805876755168,1.15944372985488,-0.6690588208370069,2
-0.33676024030498125,-0.31113764785962583,-0.277999484765713,0.6976769620379758,0.8562135333542192,-0.5462416865898835,-1.0134422951122533,-2.161787738755493,-1.5966110378329514,2.12085915508793,3
1.2715332665723336,1.2227709560883293,-0.277999484765713,-0.4600949615010609,-0.48821518379792467,-0.5462416865898835,1.1872886303315593,1.234805876755168,1.228345099047076,-0.49248173375315013,1
0.36686816895384394,-0.31113764785962583,-0.277999484765713,0.9871199429227351,0.6321420804955284,-0.5462416865898835,0.27031741139663734,-0.3032742510232447,0.33262729954853065,-0.49248173375315013,1
-0.8393519612041421,0.2001652201230258,-0.277999484765713,-1.4442010965092422,1.6404636183596362,-0.5462416865898835,-0.7689166367296075,-0.751880954958615,-0.8386959767187977,-0.10401214216866529,1
-0.03520520776548472,0.2001652201230258,1.386620911867848,-1.0389809232705793,0.4080706276368378,-0.5462416865898835,-0.2798653199643158,-0.36736092301401185,-0.35638639237342723,0.2844574494158195,1
-0.03520520776548472,-0.8224405158422775,-0.277999484765713,0.8713427505688314,0.9682492597835647,-0.5462416865898835,-0.5243909783469617,-1.1364009869032181,-0.7008932383344062,0.8848195455009324,1
-0.5377969286646456,0.9671195220970032,-0.277999484765713,-1.3863125003322903,1.192320712642255,-0.5462416865898835,1.0650258011402363,0.33759246888442723,0.4015286687407264,0.9554503803344752,1
-2.1460904355419603,-0.8224405158422775,-0.277999484765713,-1.3863125003322903,-0.04007227808054335,0.05171323193594174,-1.5636250264732066,-1.3927476748662868,-1.6655124070251472,-0.5984279860034641,1
0.8694598898530048,-0.8224405158422775,-0.277999484765713,-1.2705353079783865,-0.04007227808054335,-0.5462416865898835,0.5759744843749447,0.6580258288382632,0.6082327763173138,-0.5984279860034641,1
-0.8393519612041421,-0.8224405158422775,-0.277999484765713,-1.4442010965092422,1.0802849862129096,-0.5462416865898835,0.3314488259922988,-0.8159676269493822,-0.5630904999500146,2.6505904163395,1
0.8694598898530048,-0.05548621386830003,-0.277999484765713,-0.054874788262398035,-0.7122866366566154,0.9214658407007784,0.759368728161929,0.8502858448105648,0.8149368838939012,-0.6337434034202355,1
-0.8393519612041421,-0.8224405158422775,1.386620911867848,1.0450085390996868,-0.15210800450988876,-0.5462416865898835,-1.3190993680905607,-1.5209210188478213,-1.6655124070251472,-0.38653548150283606,1
-1.8445354030024639,0.7114680881056774,-0.277999484765713,-1.5599782888631457,0.4080706276368378,-0.5462416865898835,-1.4413621972818835,-1.072314314912451,-1.389906930256364,-0.20995839441897932,1
-0.4372785844848134,-0.31113764785962583,-0.277999484765713,0.35034538497626483,-0.8243223630859606,-0.4918821485420812,-0.2798653199643158,-0.04692756306017591,-0.21858365398903565,-0.6337434034202355,1
0.969978234032837,-0.5667890818509517,-0.277999484765713,0.23456819262236114,-0.26414373093923393,-0.002646306111860552,0.5759744843749447,0.7221125008290303,0.6082327763173138,-0.5277971511699214,1
-1.1409069937436387,-0.5667890818509517,-0.277999484765713,-1.502089692686194,0.5201063540661832,-0.4375226104942789,-0.707785222133946,-0.6237076109770806,-0.7697946075266019,-0.5277971511699214,1
0.7689415456731726,-0.5667890818509517,-0.277999484765713,0.6976769620379758,-0.936358089515306,1.5194207592266036,1.0038943865445749,0.9143725168013319,1.0905423606626843,-0.38653548150283606,2
-0.13572355194531688,-0.31113764785962583,-0.277999484765713,-1.4442010965092422,0.8562135333542192,-0.5462416865898835,-0.4021281491556387,-0.23918757903247748,-0.2874850231812314,-0.13932755958543663,1
-1.1409069937436387,-0.8224405158422775,-0.277999484765713,-1.9651984621018086,1.864535071218327,-0.5462416865898835,-1.747019270260191,-1.5850076908385884,-1.8033151454095386,0.0372495274984201,1
-0.8393519612041421,-0.8224405158422775,1.386620911867848,1.0450085390996868,-0.3761794573685794,-0.5462416865898835,-1.257967953494899,-1.5209210188478213,-1.5277096686407556,-0.3512200640860647,1
0.6684232014933404,-0.8224405158422775,-0.277999484765713,1.8554488855770126,-1.272465268803342,0.8127467646051738,0.9427629719489135,0.9784591887920991,0.9527396222782927,-0.5984279860034641,2
-2.1460904355419603,-0.05548621386830003,-0.277999484765713,-1.2126467118014348,-0.15210800450988876,-0.4918821485420812,-1.0745737097079149,-1.2004876588939852,-1.4588082994485598,-0.5277971511699214,1
-1.8445354030024639,-0.8224405158422775,-0.277999484765713,-1.502089692686194,0.29603490120749265,-0.5462416865898835,-1.4413621972818835,-1.3927476748662868,-1.6655124070251472,-0.5984279860034641,1
-1.3419436821033028,-0.8224405158422775,-0.277999484765713,0.6976769620379758,0.29603490120749265,-0.5462416865898835,-2.847384732982097,-1.8413543788016573,-2.2167233605627135,1.3086045545021887,3
1.1710149223925013,-0.8224405158422775,-0.277999484765713,0.23456819262236114,-0.7122866366566154,-0.16572492025526742,0.9427629719489135,1.1066325327736335,1.0216409914704885,-0.6337434034202355,2
-1.1409069937436387,-0.8224405158422775,-0.277999484765713,2.2606690588156755,-1.1604295423739965,-0.22008445830306972,-0.9523108805165919,-0.8159676269493822,-1.045400084295385,-0.6337434034202355,3
-0.03520520776548472,-0.8224405158422775,-0.277999484765713,0.639788365861024,-0.936358089515306,0.3778704602227555,-0.09647107617733143,0.08124578092135848,-0.08078091560464408,-0.6337434034202355,1
-1.3419436821033028,1.2227709560883293,-0.277999484765713,-0.22854057679325354,0.07196344834880182,-0.274443996350872,-0.5243909783469617,-0.36736092301401185,-0.5630904999500146,-0.280589229252522,1
-0.6383152728444778,0.9671195220970032,-0.277999484765713,-1.7915326735709531,2.3126779769357078,-0.5462416865898835,0.9427629719489135,-0.6877942829678478,-0.5630904999500146,4.1338379478438965,1
0.2663498247740118,-0.8224405158422775,-0.277999484765713,0.23456819262236114,-0.8243223630859606,0.9758253787485808,0.39258024058796026,0.46576581286596164,0.4015286687407264,-0.6690588208370069,1
0.969978234032837,-0.8224405158422775,-0.277999484765713,0.5240111735071203,-0.8243223630859606,0.10607276998374403,0.4537116551836217,0.6580258288382632,0.6082327763173138,-0.5631125685866928,1
1.472569954931998,-0.31113764785962583,-0.277999484765713,-0.1706519806163017,-0.48821518379792467,0.2691513841271509,1.1872886303315593,1.4911525647182367,1.3661478374314675,-0.6337434034202355,2
-1.1409069937436387,-0.8224405158422775,3.051241308501409,-0.8074265385627719,-0.26414373093923393,-0.11136538220746513,-1.0745737097079149,-1.2645743308847526,-1.2521041918719724,-0.280589229252522,1
-1.1409069937436387,-0.31113764785962583,-0.277999484765713,-1.2126467118014348,0.18399917477814723,-0.32880353439867427,-0.707785222133946,-0.8800542989401494,-1.045400084295385,-0.280589229252522,1
0.46738651313367613,-0.5667890818509517,-0.277999484765713,0.29245678879931297,1.416392165500946,-0.5462416865898835,-0.1576024907729929,-0.6877942829678478,-0.21858365398903565,1.0260812151680179,1
1.2715332665723336,0.7114680881056774,-0.277999484765713,-0.5179835576780127,-0.48821518379792467,-0.5462416865898835,1.1872886303315593,1.1066325327736335,1.0905423606626843,-0.4571663163363788,1
1.0704965782126692,-0.8224405158422775,-0.277999484765713,1.7975602894000609,-0.8243223630859606,0.7040276885095692,0.5148430697792832,0.6580258288382632,0.6082327763173138,-0.5631125685866928,2
1.1710149223925013,0.4558166541143516,-0.277999484765713,-0.054874788262398035,-0.60025091022727,-0.5462416865898835,1.0650258011402363,1.1707192047644006,1.0905423606626843,-0.5277971511699214,1
0.46738651313367613,-0.31113764785962583,-0.277999484765713,0.23456819262236114,1.3043564390716005,-0.5462416865898835,0.02579175301399149,-0.36736092301401185,-0.011879546412448292,0.9554503803344752,1
-0.7388336170243099,0.9671195220970032,-0.277999484765713,-0.9810923270936274,-0.15210800450988876,-0.5462416865898835,-0.6466538075382846,-0.04692756306017591,-0.2874850231812314,-0.280589229252522,1
-0.03520520776548472,0.4558166541143516,-0.277999484765713,-1.1547581156244828,0.4080706276368378,-0.5462416865898835,0.27031741139663734,0.017159108930591284,0.1259231919719433,0.07256494491519144,1
2.3772350525504873,1.2227709560883293,-0.277999484765713,0.11879100026845747,-0.7122866366566154,-0.5462416865898835,1.554077117905528,2.003845940644374,1.9173587909690337,-0.4571663163363788,1
0.8694598898530048,-0.8224405158422775,-0.277999484765713,-1.9073098659248569,3.545070967658507,-0.5462416865898835,-2.4805962454081283,-1.2645743308847526,-1.5966110378329514,2.332751659588558,1
-0.5377969286646456,-0.8224405158422775,3.051241308501409,1.0450085390996868,1.3043564390716005,-0.5462416865898835,-1.4413621972818835,-2.418134426718562,-1.5277096686407556,0.21382661458227684,3
0.2663498247740118,-0.31113764785962583,-0.277999484765713,-0.402206365324109,-0.60025091022727,-0.16572492025526742,0.02579175301399149,0.27350579689366006,0.1259231919719433,-0.5984279860034641,1
-0.4372785844848134,1.2227709560883293,-0.277999484765713,-0.402206365324109,0.07196344834880182,-0.5462416865898835,0.759368728161929,0.7861991728197976,0.8838382530860969,-0.3512200640860647,1
1.1710149223925013,-0.8224405158422775,-0.277999484765713,1.1028971352766388,-1.0483938159446513,1.1389039928919875,0.5148430697792832,0.6580258288382632,0.6082327763173138,-0.6337434034202355,2
0.36686816895384394,-0.5667890818509517,-0.277999484765713,0.9292313467457832,-1.0483938159446513,2.117375677752429,0.27031741139663734,0.4016791408751944,0.26372593035633485,-0.6690588208370069,2
-0.23624189612514906,-0.8224405158422775,-0.277999484765713,-1.6178668850400977,0.6321420804955284,-0.5462416865898835,-0.6466538075382846,-0.5596209389863135,-0.5630904999500146,0.07256494491519144,1
-0.23624189612514906,-0.8224405158422775,6.38048210176853,1.9133374817539643,-1.1604295423739965,-0.5462416865898835,-1.8081506848558524,-0.6237076109770806,-0.7008932383344062,0.9201349629177038,3
1.0704965782126692,-0.8224405158422775,-0.277999484765713,0.060902404091505644,-0.8243223630859606,-0.22008445830306972,0.6371058989706061,0.7861991728197976,0.7460355147017054,-0.6337434034202355,1
-0.03520520776548472,-0.8224405158422775,-0.277999484765713,-1.4442010965092422,0.29603490120749265,-0.5462416865898835,0.02579175301399149,0.017159108930591284,-0.011879546412448292,-0.49248173375315013,1
-1.1409069937436387,1.734073824070981,-0.277999484765713,-1.2705353079783865,0.29603490120749265,-0.5462416865898835,-0.09647107617733143,-0.36736092301401185,-0.35638639237342723,-0.13932755958543663,1
-0.8393519612041421,-0.5667890818509517,-0.277999484765713,-0.5758721538549646,-0.60025091022727,0.10607276998374403,-0.4021281491556387,-0.36736092301401185,-0.42528776156562303,-0.6337434034202355,1
0.7689415456731726,1.478422390079655,-0.277999484765713,-0.054874788262398035,-0.26414373093923393,-0.4375226104942789,1.0038943865445749,0.9143725168013319,0.9527396222782927,-0.38653548150283606,1
0.7689415456731726,-0.31113764785962583,-0.277999484765713,0.8713427505688314,-0.936358089515306,0.2147918460793486,0.759368728161929,0.7221125008290303,0.7460355147017054,-0.5984279860034641,2
-2.3471271239016245,-0.05548621386830003,3.051241308501409,1.2186743276305423,1.864535071218327,-0.5462416865898835,-2.847384732982097,-3.2512611625985355,-3.0435397908690627,0.9201349629177038,3
0.16583148059417963,-0.8224405158422775,-0.277999484765713,1.1607857314535905,-1.1604295423739965,3.09584736261287,-0.09647107617733143,0.017159108930591284,-0.08078091560464408,-0.6690588208370069,2
-0.23624189612514906,-0.31113764785962583,-0.277999484765713,-0.28642917297020537,-0.3761794573685794,0.05171323193594174,0.3314488259922988,-0.04692756306017591,0.19482456116413907,0.531665371333219,1
-1.0403886495638064,0.2001652201230258,-0.277999484765713,0.5240111735071203,-0.7122866366566154,-0.5462416865898835,-0.6466538075382846,-0.36736092301401185,-0.4941891307578188,-0.5277971511699214,1
-1.3419436821033028,1.478422390079655,-0.277999484765713,-0.4600949615010609,0.6321420804955284,-0.5462416865898835,-0.5243909783469617,-0.49553426699554626,-0.6319918691422104,-0.24527381183575067,1
-0.13572355194531688,-0.8224405158422775,-0.277999484765713,-1.3863125003322903,0.18399917477814723,-0.5462416865898835,0.02579175301399149,0.08124578092135848,-0.011879546412448292,-0.5631125685866928,1
-0.8393519612041421,-0.8224405158422775,-0.277999484765713,-0.5179835576780127,-0.60025091022727,0.05171323193594174,-0.4021281491556387,-0.36736092301401185,-0.4941891307578188,-0.6337434034202355,1
-0.23624189612514906,0.7114680881056774,3.051241308501409,-0.6916493462088682,0.4080706276368378,-0.5462416865898835,0.3314488259922988,-0.431447595004779,0.26372593035633485,2.5799595815059573,1
-2.3471271239016245,0.2001652201230258,3.051241308501409,1.2186743276305423,1.864535071218327,-0.5462416865898835,-2.847384732982097,-3.0590011466262337,-2.974638421676867,0.7788732932506184,3
-0.33676024030498125,1.2227709560883293,-0.277999484765713,0.23456819262236114,0.5201063540661832,-0.5462416865898835,-0.4021281491556387,0.14533245291212565,0.19482456116413907,0.9907657977512465,1
-0.03520520776548472,-0.8224405158422775,4.715861705134969,0.7555655582149277,1.6404636183596362,-0.5462416865898835,-2.297202001621144,-2.354047754727795,-2.1478219913705177,0.9201349629177038,3
-2.3471271239016245,-0.05548621386830003,3.051241308501409,1.2186743276305423,1.9765707976476725,-0.5462416865898835,-2.847384732982097,-3.3153478345893026,-2.974638421676867,0.8141887106673897,3
-0.5377969286646456,0.4558166541143516,-0.277999484765713,-1.0389809232705793,0.29603490120749265,-0.5462416865898835,-0.2798653199643158,-0.23918757903247748,-0.35638639237342723,0.0019341100816487541,1
0.6684232014933404,-0.8224405158422775,-0.277999484765713,1.8554488855770126,-1.1604295423739965,0.5409490743661624,0.39258024058796026,0.5298524848567288,0.4704300379329222,-0.6337434034202355,1
0.36686816895384394,-0.8224405158422775,-0.277999484765713,0.6976769620379758,0.5201063540661832,-0.5462416865898835,0.08692316760965295,-0.1110142350509431,0.1259231919719433,-0.20995839441897932,1
0.46738651313367613,0.9671195220970032,-0.277999484765713,0.11879100026845747,0.29603490120749265,-0.5462416865898835,0.27031741139663734,0.4016791408751944,0.4704300379329222,0.14319577974873415,1
-1.4424620262831351,0.2001652201230258,-0.277999484765713,-1.3284239041553385,0.07196344834880182,-0.4375226104942789,-0.7689166367296075,-0.6877942829678478,-0.8386959767187977,-0.5277971511699214,1
0.6684232014933404,-0.8224405158422775,-0.277999484765713,0.9292313467457832,-0.15210800450988876,-0.38316307244647657,0.14805458220531442,-0.1110142350509431,0.1259231919719433,0.1078803623319628,1
0.7689415456731726,0.4558166541143516,-0.277999484765713,0.639788365861024,-0.8243223630859606,-0.4918821485420812,1.3706828741185437,1.234805876755168,1.2972464682392717,-0.3512200640860647,1
-2.1460904355419603,3.779285296001587,-0.277999484765713,-1.2705353079783865,0.07196344834880182,-0.5462416865898835,-1.3190993680905607,-0.9441409709309165,-1.3210055610641682,-0.4571663163363788,1
1.0704965782126692,-0.8224405158422775,-0.277999484765713,-0.6337607500319165,-0.60025091022727,-0.4375226104942789,0.5759744843749447,0.7861991728197976,0.6771341455095096,-0.6337434034202355,1
1.1710149223925013,-0.8224405158422775,-0.277999484765713,-0.74953794238582,0.4080706276368378,-0.5462416865898835,0.759368728161929,0.7861991728197976,0.8149368838939012,-0.31590464666929335,1
-1.3419436821033028,-0.8224405158422775,-0.277999484765713,0.23456819262236114,-0.7122866366566154,-0.32880353439867427,-0.9523108805165919,-1.0082276429216839,-1.1832028226797766,-0.5984279860034641,1
1.8746433316513265,-0.8224405158422775,-0.277999484765713,0.7555655582149277,-1.0483938159446513,2.8240496723738584,1.3706828741185437,1.4911525647182367,1.503950575815859,-0.6690588208370069,2
0.6684232014933404,-0.31113764785962583,-0.277999484765713,0.9871199429227351,-0.15210800450988876,-0.5462416865898835,0.3314488259922988,-0.04692756306017591,0.19482456116413907,0.07256494491519144,1
0.6684232014933404,1.734073824070981,-0.277999484765713,0.6976769620379758,-0.26414373093923393,-0.5462416865898835,2.348785507649127,1.8115859246720727,2.124062898545621,0.3904037016661336,1
0.36686816895384394,2.5010281260449583,-0.277999484765713,0.5240111735071203,1.192320712642255,-0.5462416865898835,1.3706828741185437,0.4016791408751944,1.5728519450080547,1.132027467418332,1
1.2715332665723336,-0.8224405158422775,-0.277999484765713,-0.4600949615010609,-0.60025091022727,1.5194207592266036,1.0038943865445749,1.298892548745935,1.228345099047076,-0.6337434034202355,1
2.578271740910152,-0.31113764785962583,-0.277999484765713,0.639788365861024,-0.936358089515306,-0.5462416865898835,1.554077117905528,1.8756725966628398,1.9173587909690337,-0.5984279860034641,1
-1.1409069937436387,-0.05548621386830003,-0.277999484765713,-1.6757554812170494,1.192320712642255,-0.5462416865898835,-0.4021281491556387,-1.1364009869032181,-1.2521041918719724,0.743557875833847,1
0.2663498247740118,-0.05548621386830003,-0.277999484765713,0.4082339811532167,-0.7122866366566154,0.2691513841271509,-0.09647107617733143,0.4016791408751944,0.19482456116413907,-0.38653548150283606,1
-0.03520520776548472,-0.8224405158422775,-0.277999484765713,0.9292313467457832,0.9682492597835647,-0.5462416865898835,-0.2798653199643158,-0.6877942829678478,-0.5630904999500146,-0.38653548150283606,1
1.8746433316513265,-0.8224405158422775,-0.277999484765713,0.8134541543918795,-0.936358089515306,2.7696901343260563,1.309551459522882,1.298892548745935,1.3661478374314675,-0.5277971511699214,2
1.0704965782126692,-0.8224405158422775,-0.277999484765713,-1.2126467118014348,-0.04007227808054335,-0.5462416865898835,0.759368728161929,0.7221125008290303,0.6771341455095096,-0.4571663163363788,1
-0.8393519612041421,-0.5667890818509517,-0.277999484765713,-0.22854057679325354,-0.7122866366566154,1.1389039928919875,-0.4021281491556387,-0.3032742510232447,-0.42528776156562303,-0.6337434034202355,1
2.3772350525504873,1.2227709560883293,-0.277999484765713,0.11879100026845747,-0.7122866366566154,-0.5462416865898835,1.4318142887142051,2.0679326126351416,1.9173587909690337,-0.3512200640860647,1
-0.03520520776548472,-0.8224405158422775,3.051241308501409,0.8134541543918795,1.6404636183596362,-0.5462416865898835,-0.7689166367296075,-2.482221098709329,-2.423427468139301,2.685905833756271,3
0.6684232014933404,-0.8224405158422775,-0.277999484765713,1.7975602894000609,-1.272465268803342,4.128678585521113,0.20918599680097588,0.33759246888442723,0.19482456116413907,-0.6690588208370069,3
0.969978234032837,-0.8224405158422775,-0.277999484765713,0.6976769620379758,-0.936358089515306,1.030184916796383,0.5148430697792832,0.7221125008290303,0.6082327763173138,-0.5984279860034641,1
0.16583148059417963,0.2001652201230258,-0.277999484765713,-1.2705353079783865,0.18399917477814723,-0.5462416865898835,-0.09647107617733143,-0.04692756306017591,-0.14968228479683987,-0.31590464666929335,1
0.8694598898530048,-0.5667890818509517,-0.277999484765713,0.11879100026845747,-0.48821518379792467,0.9758253787485808,0.9427629719489135,0.7221125008290303,1.0905423606626843,0.637611623583533,1
1.2715332665723336,-0.8224405158422775,-0.277999484765713,-1.096869519447531,0.18399917477814723,0.05171323193594174,0.759368728161929,0.7861991728197976,0.8149368838939012,-0.38653548150283606,1
-0.5377969286646456,0.2001652201230258,-0.277999484765713,-1.5599782888631457,1.416392165500946,-0.5462416865898835,0.8205001427575905,0.14533245291212565,0.26372593035633485,0.7082424584170757,1
-0.33676024030498125,0.9671195220970032,-0.277999484765713,1.334451519984446,-0.7122866366566154,-0.22008445830306972,0.08692316760965295,0.33759246888442723,0.19482456116413907,-0.5631125685866928,1
0.6684232014933404,-0.8224405158422775,-0.277999484765713,0.7555655582149277,-0.60025091022727,1.1932635309397899,0.20918599680097588,0.4016791408751944,0.26372593035633485,-0.5631125685866928,2
-1.0403886495638064,2.2453766920536324,-0.277999484765713,0.4661225773301685,0.9682492597835647,-0.5462416865898835,-0.1576024907729929,-0.1751009070417103,-0.14968228479683987,-0.38653548150283606,1
0.46738651313367613,-0.8224405158422775,-0.277999484765713,-1.6178668850400977,0.9682492597835647,-0.5462416865898835,0.39258024058796026,0.4016791408751944,0.33262729954853065,-0.4571663163363788,1
0.46738651313367613,3.267982428018936,-0.277999484765713,0.23456819262236114,-0.3761794573685794,-0.5462416865898835,0.5759744843749447,0.8502858448105648,0.7460355147017054,-0.4218508989196074,1
-0.33676024030498125,-0.5667890818509517,-0.277999484765713,-1.4442010965092422,0.07196344834880182,0.05171323193594174,-0.2798653199643158,-0.1751009070417103,-0.2874850231812314,-0.6337434034202355,1
-1.4424620262831351,-0.31113764785962583,-0.277999484765713,-0.9810923270936274,-0.04007227808054335,-0.4375226104942789,-1.0134422951122533,-0.8159676269493822,-1.045400084295385,-0.5631125685866928,1
-0.6383152728444778,1.734073824070981,-0.277999484765713,-1.3284239041553385,0.18399917477814723,-0.5462416865898835,0.9427629719489135,0.9784591887920991,1.0905423606626843,-0.10401214216866529,1
-1.8445354030024639,0.7114680881056774,-0.277999484765713,-1.4442010965092422,2.5367494297943987,-0.5462416865898835,-1.257967953494899,-1.1364009869032181,-1.3210055610641682,0.07256494491519144,1
-0.13572355194531688,-0.31113764785962583,-0.277999484765713,0.23456819262236114,-0.7122866366566154,-0.5462416865898835,-0.09647107617733143,0.14533245291212565,0.057021822779747496,-0.5984279860034641,1
1.472569954931998,-0.8224405158422775,-0.277999484765713,1.1607857314535905,-1.0483938159446513,3.09584736261287,0.759368728161929,0.9143725168013319,0.8838382530860969,-0.6690588208370069,2
0.06531313641434745,-0.31113764785962583,-0.277999484765713,1.1607857314535905,0.18399917477814723,-0.38316307244647657,-0.09647107617733143,0.08124578092135848,-0.08078091560464408,-0.4218508989196074,1
0.16583148059417963,-0.8224405158422775,-0.277999484765713,0.6976769620379758,-0.936358089515306,1.1932635309397899,0.14805458220531442,0.33759246888442723,0.26372593035633485,-0.6690588208370069,1
0.2663498247740118,-0.5667890818509517,-0.277999484765713,-0.4600949615010609,-0.60025091022727,0.9758253787485808,0.20918599680097588,0.27350579689366006,0.19482456116413907,-0.6337434034202355,1
-0.13572355194531688,0.7114680881056774,-0.277999484765713,-0.8653151347397238,-0.15210800450988876,-0.5462416865898835,1.0650258011402363,0.46576581286596164,0.4015286687407264,0.2844574494158195,1
-0.33676024030498125,0.9671195220970032,-0.277999484765713,1.2765629238074943,-0.7122866366566154,-0.274443996350872,0.08692316760965295,0.27350579689366006,0.1259231919719433,-0.5631125685866928,1
-1.1409069937436387,-0.31113764785962583,-0.277999484765713,-1.3863125003322903,0.29603490120749265,-0.5462416865898835,-0.707785222133946,-0.49553426699554626,-0.7008932383344062,-0.5631125685866928,1
-0.7388336170243099,-0.8224405158422775,-0.277999484765713,-0.6916493462088682,-0.3761794573685794,-0.274443996350872,-0.09647107617733143,-0.1110142350509431,-0.21858365398903565,-0.5984279860034641,1
-0.5377969286646456,-0.8224405158422775,3.051241308501409,-1.4442010965092422,1.192320712642255,-0.5462416865898835,0.3314488259922988,-0.8800542989401494,-0.4941891307578188,2.8977983382568993,1
0.969978234032837,-0.8224405158422775,-0.277999484765713,1.2186743276305423,-1.1604295423739965,-0.274443996350872,0.39258024058796026,0.593939156847496,0.4704300379329222,-0.6337434034202355,1
-0.13572355194531688,0.4558166541143516,-0.277999484765713,-1.2126467118014348,0.18399917477814723,-0.5462416865898835,0.3314488259922988,0.14533245291212565,0.26372593035633485,0.2491420319990482,1
-0.33676024030498125,0.7114680881056774,-0.277999484765713,-0.054874788262398035,-0.60025091022727,-0.5462416865898835,-0.2798653199643158,0.4016791408751944,0.057021822779747496,-0.13932755958543663,1
-0.5377969286646456,1.2227709560883293,-0.277999484765713,-0.402206365324109,-0.26414373093923393,-0.5462416865898835,-0.5243909783469617,0.27350579689366006,-0.14968228479683987,0.21382661458227684,1
-0.33676024030498125,0.2001652201230258,-0.277999484765713,-0.402206365324109,-0.48821518379792467,0.3778704602227555,-0.09647107617733143,-0.1110142350509431,-0.21858365398903565,-0.5277971511699214,1
-1.3419436821033028,-0.8224405158422775,3.051241308501409,0.8713427505688314,-0.04007227808054335,-0.5462416865898835,-3.1530418059604046,-2.161787738755493,-2.5612302065236925,1.3086045545021887,3
0.5679048573135083,-0.8224405158422775,-0.277999484765713,1.6238945008692052,-1.0483938159446513,2.008656601656824,0.14805458220531442,0.27350579689366006,0.19482456116413907,-0.5984279860034641,2
0.969978234032837,0.4558166541143516,-0.277999484765713,-0.5758721538549646,-0.3761794573685794,-0.5462416865898835,0.5759744843749447,0.8502858448105648,0.7460355147017054,-0.49248173375315013,1
-0.13572355194531688,-0.8224405158422775,1.386620911867848,-1.0389809232705793,3.4330352412291623,-0.5462416865898835,-0.2798653199643158,-1.0082276429216839,-0.6319918691422104,1.9089666505873015,2
-0.8393519612041421,-0.8224405158422775,-0.277999484765713,-0.1706519806163017,-0.7122866366566154,0.2691513841271509,-0.4021281491556387,-0.3032742510232447,-0.4941891307578188,-0.6337434034202355,1
1.472569954931998,0.7114680881056774,-0.277999484765713,-1.502089692686194,0.5201063540661832,-0.5462416865898835,1.1872886303315593,1.298892548745935,1.228345099047076,-0.4218508989196074,1
-0.8393519612041421,-0.31113764785962583,-0.277999484765713,0.9292313467457832,-0.15210800450988876,-0.5462416865898835,-1.4413621972818835,-1.3286610028755197,-1.4588082994485598,-0.13932755958543663,1
0.2663498247740118,-0.8224405158422775,-0.277999484765713,-0.6916493462088682,-0.26414373093923393,-0.5462416865898835,-0.09647107617733143,-0.1110142350509431,-0.08078091560464408,-0.174642977002208,1
-1.0403886495638064,1.734073824070981,-0.277999484765713,0.4661225773301685,0.8562135333542192,-0.5462416865898835,0.14805458220531442,-0.04692756306017591,0.057021822779747496,-0.31590464666929335,1
-1.7440170588226316,-0.8224405158422775,-0.277999484765713,-0.22854057679325354,-0.60025091022727,0.8127467646051738,-1.0745737097079149,-1.072314314912451,-1.1832028226797766,-0.5631125685866928,1
1.0704965782126692,0.4558166541143516,-0.277999484765713,-0.8653151347397238,-0.15210800450988876,-0.5462416865898835,0.9427629719489135,1.1066325327736335,1.0905423606626843,-0.24527381183575067,1
0.2663498247740118,-0.8224405158422775,-0.277999484765713,0.003013807914553804,-0.48821518379792467,-0.4375226104942789,0.39258024058796026,0.5298524848567288,0.4704300379329222,-0.6337434034202355,1
-1.4424620262831351,-0.8224405158422775,-0.277999484765713,-1.2705353079783865,-0.04007227808054335,-0.05700584415966284,-0.707785222133946,-0.8159676269493822,-0.9764987151031893,-0.5277971511699214,1
1.57308829911183,-0.8224405158422775,-0.277999484765713,0.8134541543918795,-1.0483938159446513,1.3019826070353946,1.0038943865445749,1.1707192047644006,1.15944372985488,-0.6690588208370069,2
-1.1409069937436387,-0.8224405158422775,-0.277999484765713,-0.9232037309166756,-0.3761794573685794,-0.16572492025526742,-0.8911794659209304,-0.8159676269493822,-0.9764987151031893,-0.5631125685866928,1
-0.33676024030498125,2.756679560036284,-0.277999484765713,-0.8653151347397238,1.192320712642255,-0.5462416865898835,1.309551459522882,0.9784591887920991,1.15944372985488,0.2844574494158195,1
-0.03520520776548472,-0.5667890818509517,-0.277999484765713,-0.8074265385627719,0.07196344834880182,-0.38316307244647657,-0.09647107617733143,-0.3032742510232447,-0.08078091560464408,0.2491420319990482,1
-1.1409069937436387,-0.8224405158422775,-0.277999484765713,-1.502089692686194,0.9682492597835647,-0.5462416865898835,-0.5243909783469617,-0.5596209389863135,-0.7008932383344062,-0.5631125685866928,1
-0.8393519612041421,-0.8224405158422775,-0.277999484765713,-0.5179835576780127,-0.60025091022727,0.05171323193594174,-0.4021281491556387,-0.36736092301401185,-0.4941891307578188,-0.6337434034202355,1
-1.3419436821033028,1.2227709560883293,-0.277999484765713,-0.6916493462088682,0.29603490120749265,-0.5462416865898835,1.4318142887142051,0.4016791408751944,-0.011879546412448292,1.9795974854208442,1
-0.33676024030498125,-0.8224405158422775,-0.277999484765713,0.6976769620379758,-1.0483938159446513,1.4650612211788014,-0.5243909783469617,-0.1751009070417103,-0.42528776156562303,-0.5984279860034641,1
0.46738651313367613,-0.8224405158422775,3.051241308501409,0.5818997696840722,0.07196344834880182,-0.002646306111860552,0.27031741139663734,-0.49553426699554626,-0.011879546412448292,1.9795974854208442,2
-1.2414253379234708,-0.05548621386830003,-0.277999484765713,0.29245678879931297,-0.8243223630859606,-0.4375226104942789,-0.7689166367296075,-0.49553426699554626,-0.7008932383344062,-0.5984279860034641,1
-1.0403886495638064,1.2227709560883293,-0.277999484765713,-0.4600949615010609,0.8562135333542192,-0.5462416865898835,-0.6466538075382846,-0.49553426699554626,-0.6319918691422104,-0.174642977002208,1
0.6684232014933404,-0.8224405158422775,-0.277999484765713,1.8554488855770126,-0.8243223630859606,0.9214658407007784,0.39258024058796026,0.4016791408751944,0.4704300379329222,-0.6337434034202355,1
0.969978234032837,1.734073824070981,-0.277999484765713,0.6976769620379758,-0.60025091022727,-0.5462416865898835,0.8816315573532519,0.7221125008290303,0.8149368838939012,-0.38653548150283606,1
-0.7388336170243099,-0.8224405158422775,-0.277999484765713,-0.6337607500319165,-0.48821518379792467,-0.32880353439867427,-0.09647107617733143,-0.1110142350509431,-0.21858365398903565,-0.6337434034202355,1
-0.6383152728444778,1.478422390079655,-0.277999484765713,0.35034538497626483,1.5284278919302914,-0.5462416865898835,0.08692316760965295,-0.6877942829678478,0.057021822779747496,-0.13932755958543663,1
-0.13572355194531688,-0.8224405158422775,-0.277999484765713,-0.9810923270936274,-0.26414373093923393,-0.5462416865898835,-0.2798653199643158,-0.1110142350509431,-0.21858365398903565,-0.5631125685866928,1
-1.2414253379234708,0.2001652201230258,-0.277999484765713,0.639788365861024,0.5201063540661832,-0.5462416865898835,-1.4413621972818835,-1.3927476748662868,-1.2521041918719724,1.2732891370854174,1
0.2663498247740118,-0.31113764785962583,-0.277999484765713,0.4082339811532167,-0.936358089515306,-0.11136538220746513,0.8205001427575905,0.9143725168013319,0.8838382530860969,-0.4218508989196074,1
0.16583148059417963,-0.8224405158422775,-0.277999484765713,0.17667959644540931,-0.8243223630859606,-0.5462416865898835,-0.03533966158166997,0.08124578092135848,-0.011879546412448292,-0.6337434034202355,1
0.2663498247740118,0.9671195220970032,-0.277999484765713,-0.9232037309166756,0.07196344834880182,-0.5462416865898835,0.39258024058796026,0.33759246888442723,0.4015286687407264,-0.174642977002208,1
-0.8393519612041421,-0.8224405158422775,-0.277999484765713,-1.2705353079783865,0.18399917477814723,-0.5462416865898835,-0.6466538075382846,-0.6237076109770806,-0.7697946075266019,-0.4571663163363788,1
0.36686816895384394,1.2227709560883293,-0.277999484765713,0.639788365861024,0.07196344834880182,-0.5462416865898835,0.5148430697792832,0.5298524848567288,0.8149368838939012,0.9907657977512465,1
-0.5377969286646456,1.478422390079655,-0.277999484765713,-0.5758721538549646,3.0969280619411252,-0.5462416865898835,-0.2798653199643158,0.7861991728197976,0.1259231919719433,2.862482920840128,1
-0.7388336170243099,0.7114680881056774,-0.277999484765713,-1.1547581156244828,-0.04007227808054335,-0.5462416865898835,-0.5243909783469617,-0.04692756306017591,-0.2874850231812314,-0.31590464666929335,1
-1.3419436821033028,-0.5667890818509517,-0.277999484765713,0.003013807914553804,-0.3761794573685794,-0.4375226104942789,-1.3190993680905607,-0.8800542989401494,-1.1832028226797766,-0.3512200640860647,1
1.0704965782126692,0.2001652201230258,-0.277999484765713,-0.8653151347397238,-0.15210800450988876,-0.5462416865898835,0.6371058989706061,0.9784591887920991,0.8149368838939012,-0.38653548150283606,1
0.2663498247740118,-0.8224405158422775,-0.277999484765713,-0.8653151347397238,-0.04007227808054335,-0.5462416865898835,-0.2798653199643158,-0.1110142350509431,-0.08078091560464408,0.0019341100816487541,1
-0.6383152728444778,-0.8224405158422775,-0.277999484765713,-1.6757554812170494,1.3043564390716005,-0.5462416865898835,-1.0745737097079149,-1.072314314912451,-1.1832028226797766,0.0372495274984201,1
-0.8393519612041421,-0.8224405158422775,-0.277999484765713,0.8713427505688314,0.4080706276368378,-0.5462416865898835,-0.4632595637513002,-1.1364009869032181,-0.9075973459109935,0.3904037016661336,1
-0.33676024030498125,-0.8224405158422775,-0.277999484765713,0.11879100026845747,-0.8243223630859606,0.8127467646051738,-0.03533966158166997,0.08124578092135848,-0.011879546412448292,-0.6690588208370069,1
0.46738651313367613,-0.8224405158422775,-0.277999484765713,-0.6337607500319165,1.192320712642255,-0.5462416865898835,1.3706828741185437,1.4270658927274695,1.503950575815859,-0.174642977002208,2
1.0704965782126692,-0.8224405158422775,-0.277999484765713,-0.5179835576780127,-0.60025091022727,-0.22008445830306972,0.6371058989706061,0.7861991728197976,0.7460355147017054,-0.6337434034202355,1
0.36686816895384394,-0.31113764785962583,-0.277999484765713,0.639788365861024,0.6321420804955284,-0.5462416865898835,0.08692316760965295,-0.1751009070417103,0.1259231919719433,0.3197728668325909,1
-0.03520520776548472,-0.8224405158422775,-0.277999484765713,1.8554488855770126,-0.936358089515306,3.258925976756277,-0.09647107617733143,0.017159108930591284,-0.08078091560464408,-0.6690588208370069,1
0.8694598898530048,-0.8224405158422775,-0.277999484765713,-0.3443177691471572,-0.48821518379792467,-0.5462416865898835,0.8205001427575905,0.7221125008290303,0.7460355147017054,-0.4218508989196074,1
0.8694598898530048,1.2227709560883293,-0.277999484765713,-0.28642917297020537,-0.3761794573685794,-0.5462416865898835,0.759368728161929,0.9143725168013319,0.8838382530860969,-0.5631125685866928,1
-1.3419436821033028,0.4558166541143516,-0.277999484765713,-0.3443177691471572,0.9682492597835647,-0.32880353439867427,-1.0134422951122533,-0.6877942829678478,-0.8386959767187977,-0.10401214216866529,1
0.969978234032837,-0.8224405158422775,-0.277999484765713,1.334451519984446,-1.1604295423739965,2.171735215800231,0.5759744843749447,0.7221125008290303,0.6771341455095096,-0.6690588208370069,2
0.7689415456731726,1.2227709560883293,-0.277999484765713,-0.054874788262398035,-0.60025091022727,-0.32880353439867427,0.3314488259922988,0.7221125008290303,0.539331407125118,-0.4571663163363788,1
-0.9398703053839742,1.2227709560883293,-0.277999484765713,-0.054874788262398035,-0.3761794573685794,-0.5462416865898835,-0.2798653199643158,-0.1110142350509431,-0.2874850231812314,-0.4218508989196074,1
1.673606643291662,-0.8224405158422775,-0.277999484765713,0.8134541543918795,-0.48821518379792467,-0.38316307244647657,0.8816315573532519,1.1707192047644006,1.15944372985488,-0.5631125685866928,2
0.6684232014933404,-0.8224405158422775,-0.277999484765713,0.8713427505688314,0.07196344834880182,-0.5462416865898835,0.27031741139663734,-0.04692756306017591,0.4015286687407264,0.3904037016661336,1
0.16583148059417963,-0.5667890818509517,-0.277999484765713,0.639788365861024,-0.8243223630859606,0.2691513841271509,0.08692316760965295,0.33759246888442723,0.19482456116413907,-0.5984279860034641,1
1.673606643291662,-0.8224405158422775,-0.277999484765713,0.35034538497626483,-0.936358089515306,2.8240496723738584,1.4318142887142051,1.5552392367090038,1.5728519450080547,-0.6337434034202355,2
-1.4424620262831351,1.2227709560883293,-0.277999484765713,-0.9810923270936274,0.5201063540661832,-0.5462416865898835,-0.34099673455997725,-0.1751009070417103,-0.21858365398903565,0.0372495274984201,1
-0.6383152728444778,0.7114680881056774,-0.277999484765713,-0.8074265385627719,-0.3761794573685794,-0.5462416865898835,-0.4021281491556387,0.017159108930591284,-0.35638639237342723,-0.24527381183575067,1
-0.03520520776548472,-0.8224405158422775,-0.277999484765713,1.4502287123383497,0.8562135333542192,0.05171323193594174,-0.09647107617733143,-0.1751009070417103,-0.14968228479683987,-0.6337434034202355,1
0.06531313641434745,0.2001652201230258,4.715861705134969,0.8134541543918795,0.5201063540661832,-0.5462416865898835,-3.0307789767690814,-1.4568343468570542,-1.8722165146017344,5.758347149015378,3
-2.3471271239016245,-0.31113764785962583,-0.277999484765713,0.9292313467457832,-0.60025091022727,-0.5462416865898835,-1.5636250264732066,-1.3927476748662868,-1.734413776217343,-0.174642977002208,1
0.2663498247740118,-0.8224405158422775,-0.277999484765713,1.1607857314535905,0.18399917477814723,0.05171323193594174,0.14805458220531442,-0.1110142350509431,-0.011879546412448292,-0.5277971511699214,1
1.0704965782126692,0.7114680881056774,-0.277999484765713,1.5081173085153015,-0.8243223630859606,-0.5462416865898835,1.1261572157358979,1.234805876755168,1.15944372985488,-0.49248173375315013,1
1.2715332665723336,0.4558166541143516,-0.277999484765713,-0.4600949615010609,-0.60025091022727,0.5953086124139646,1.0038943865445749,1.1707192047644006,1.0905423606626843,-0.6337434034202355,1
0.46738651313367613,-0.05548621386830003,-0.277999484765713,-1.096869519447531,-0.04007227808054335,-0.05700584415966284,0.39258024058796026,-0.04692756306017591,-0.011879546412448292,0.42571911908290494,1
0.2663498247740118,-0.8224405158422775,-0.277999484765713,-0.4600949615010609,-0.48821518379792467,-0.5462416865898835,0.08692316760965295,0.27350579689366006,0.1259231919719433,-0.6337434034202355,1
0.46738651313367613,-0.8224405158422775,3.051241308501409,0.639788365861024,1.3043564390716005,-0.5462416865898835,-1.257967953494899,-2.033614394773959,-1.3210055610641682,2.0149129028376156,3
-0.6383152728444778,-0.8224405158422775,-0.277999484765713,0.8134541543918795,-0.8243223630859606,-0.32880353439867427,-0.4021281491556387,-0.36736092301401185,-0.4941891307578188,-0.5984279860034641,2
-1.3419436821033028,0.4558166541143516,-0.277999484765713,0.5240111735071203,-0.48821518379792467,0.16043230803154632,-0.7689166367296075,-0.431447595004779,-0.5630904999500146,-0.38653548150283606,1
1.1710149223925013,-0.8224405158422775,-0.277999484765713,0.23456819262236114,-0.8243223630859606,0.16043230803154632,0.9427629719489135,1.1066325327736335,1.0216409914704885,-0.6337434034202355,2
-1.8445354030024639,0.4558166541143516,-0.277999484765713,-1.3863125003322903,2.3126779769357078,-0.5462416865898835,-1.1357051243035763,-1.2004876588939852,-1.389906930256364,0.07256494491519144,1
-2.3471271239016245,0.9671195220970032,-0.277999484765713,0.9292313467457832,0.6321420804955284,-0.5462416865898835,-1.8692820994515138,-1.2645743308847526,-1.6655124070251472,1.0260812151680179,1
0.46738651313367613,-0.8224405158422775,-0.277999484765713,1.0450085390996868,-1.0483938159446513,0.2147918460793486,0.20918599680097588,0.33759246888442723,0.26372593035633485,-0.6337434034202355,2
0.16583148059417963,1.2227709560883293,-0.277999484765713,0.639788365861024,-0.3761794573685794,-0.5462416865898835,0.20918599680097588,0.593939156847496,0.539331407125118,-0.31590464666929335,1
-0.33676024030498125,-0.8224405158422775,-0.277999484765713,1.5081173085153015,0.8562135333542192,0.10607276998374403,-0.5855223929426231,-0.49553426699554626,-0.5630904999500146,-0.6337434034202355,1
-0.23624189612514906,1.2227709560883293,-0.277999484765713,-1.3284239041553385,-0.04007227808054335,-0.5462416865898835,-0.09647107617733143,0.20941912490289286,0.057021822779747496,-0.49248173375315013,1
0.06531313641434745,1.2227709560883293,-0.277999484765713,0.8134541543918795,-0.26414373093923393,-0.5462416865898835,1.1261572157358979,0.593939156847496,0.8838382530860969,1.4851816415860455,1
0.8694598898530048,-0.5667890818509517,-0.277999484765713,-1.096869519447531,1.9765707976476725,-0.5462416865898835,0.3314488259922988,-0.3032742510232447,0.057021822779747496,1.34391997191896,1
1.0704965782126692,-0.31113764785962583,-0.277999484765713,0.11879100026845747,-0.7122866366566154,-0.38316307244647657,1.4929457033098665,1.4911525647182367,1.6417533142002505,-0.5277971511699214,2
-1.1409069937436387,-0.5667890818509517,-0.277999484765713,-1.096869519447531,0.07196344834880182,-0.5462416865898835,-0.7689166367296075,-0.9441409709309165,-1.045400084295385,-0.3512200640860647,1
-1.3419436821033028,-0.8224405158422775,-0.277999484765713,1.2765629238074943,-1.1604295423739965,0.5953086124139646,-1.0745737097079149,-0.9441409709309165,-1.1832028226797766,-0.6690588208370069,2
1.0704965782126692,-0.8224405158422775,-0.277999484765713,-0.22854057679325354,-0.7122866366566154,-0.4918821485420812,1.1872886303315593,1.234805876755168,1.228345099047076,-0.5631125685866928,2
0.8694598898530048,-0.5667890818509517,-0.277999484765713,0.4082339811532167,-0.8243223630859606,-0.5462416865898835,0.6371058989706061,0.6580258288382632,0.6082327763173138,-0.5984279860034641,1
0.7689415456731726,-0.8224405158422775,-0.277999484765713,1.6817830970461571,-1.272465268803342,2.8240496723738584,0.27031741139663734,0.33759246888442723,0.26372593035633485,-0.6690588208370069,2
-0.8393519612041421,-0.8224405158422775,-0.277999484765713,0.8713427505688314,0.29603490120749265,-0.5462416865898835,-0.5243909783469617,-1.1364009869032181,-0.9075973459109935,0.4610345364996763,1
-1.3419436821033028,-0.8224405158422775,-0.277999484765713,0.6976769620379758,0.29603490120749265,-0.5462416865898835,-1.9915449286428368,-1.8413543788016573,-2.1478219913705177,0.42571911908290494,3
-0.9398703053839742,1.2227709560883293,-0.277999484765713,-0.3443177691471572,-0.04007227808054335,-0.5462416865898835,0.759368728161929,0.6580258288382632,0.8838382530860969,-0.24527381183575067,1
0.969978234032837,-0.8224405158422775,-0.277999484765713,1.1607857314535905,-1.0483938159446513,-0.32880353439867427,0.5148430697792832,0.6580258288382632,0.6082327763173138,-0.5984279860034641,1
1.1710149223925013,-0.8224405158422775,-0.277999484765713,0.5818997696840722,-0.8243223630859606,-0.002646306111860552,0.6982373135662676,0.9143725168013319,0.8149368838939012,-0.6337434034202355,1
0.36686816895384394,-0.5667890818509517,-0.277999484765713,1.2186743276305423,-1.0483938159446513,2.008656601656824,0.3314488259922988,0.5298524848567288,0.4015286687407264,-0.6337434034202355,2
-1.1409069937436387,-0.31113764785962583,-0.277999484765713,-1.7336440773940014,0.7441778069248738,-0.5462416865898835,-1.1357051243035763,-0.751880954958615,-1.045400084295385,-0.38653548150283606,1
-0.03520520776548472,-0.31113764785962583,-0.277999484765713,-0.402206365324109,-0.48821518379792467,0.5953086124139646,0.27031741139663734,0.33759246888442723,0.26372593035633485,-0.5631125685866928,1
1.8746433316513265,-0.8224405158422775,-0.277999484765713,0.5818997696840722,-0.936358089515306,1.7912184494656151,1.3706828741185437,1.4911525647182367,1.5728519450080547,-0.6337434034202355,1
-1.945053747182296,-0.8224405158422775,-0.277999484765713,1.0450085390996868,-1.0483938159446513,-0.5462416865898835,-1.3802307826862221,-1.2645743308847526,-1.5277096686407556,-0.6690588208370069,1
0.8694598898530048,-0.8224405158422775,-0.277999484765713,-0.22854057679325354,-0.60025091022727,-0.38316307244647657,0.5148430697792832,0.6580258288382632,0.539331407125118,-0.6337434034202355,1
-0.4372785844848134,-0.8224405158422775,-0.277999484765713,-1.4442010965092422,3.8811781469465427,-0.5462416865898835,-0.5243909783469617,-1.3286610028755197,-1.2521041918719724,1.4498662241692741,1
0.969978234032837,-0.8224405158422775,-0.277999484765713,0.9871199429227351,-0.8243223630859606,0.8671063026529761,0.5148430697792832,0.6580258288382632,0.6082327763173138,-0.5984279860034641,2
-0.33676024030498125,-0.8224405158422775,-0.277999484765713,1.4502287123383497,1.416392165500946,-0.274443996350872,-0.4632595637513002,-0.49553426699554626,-0.4941891307578188,-0.6337434034202355,1
-0.23624189612514906,0.2001652201230258,1.386620911867848,-0.8074265385627719,0.6321420804955284,-0.5462416865898835,0.27031741139663734,-0.5596209389863135,0.057021822779747496,2.5093287466724146,1
1.0704965782126692,1.734073824070981,-0.277999484765713,-0.6337607500319165,0.07196344834880182,-0.5462416865898835,0.6371058989706061,0.9784591887920991,0.8149368838939012,-0.24527381183575067,1
-0.03520520776548472,-0.8224405158422775,-0.277999484765713,1.5660059046922534,-0.04007227808054335,0.9758253787485808,-0.09647107617733143,-0.04692756306017591,-0.08078091560464408,-0.6337434034202355,2
0.5679048573135083,-0.31113764785962583,-0.277999484765713,0.9871199429227351,-1.0483938159446513,1.030184916796383,1.4318142887142051,1.1066325327736335,1.2972464682392717,-0.20995839441897932,2
0.8694598898530048,-0.8224405158422775,-0.277999484765713,-0.1706519806163017,-0.60025091022727,-0.4918821485420812,0.4537116551836217,0.7221125008290303,0.6082327763173138,-0.5984279860034641,1
-2.3471271239016245,0.2001652201230258,-0.277999484765713,0.9292313467457832,1.5284278919302914,-0.5462416865898835,-2.6028590745994515,-2.354047754727795,-2.2167233605627135,1.4851816415860455,1
-0.5377969286646456,-0.5667890818509517,-0.277999484765713,1.7975602894000609,-0.15210800450988876,1.3563421450831967,-0.5855223929426231,-0.49553426699554626,-0.5630904999500146,-0.6337434034202355,1
-0.4372785844848134,-0.05548621386830003,-0.277999484765713,0.8134541543918795,-0.8243223630859606,-0.4375226104942789,-0.5243909783469617,-0.1751009070417103,-0.35638639237342723,-0.49248173375315013,1
-0.33676024030498125,1.2227709560883293,-0.277999484765713,-0.74953794238582,0.8562135333542192,-0.5462416865898835,1.309551459522882,0.7221125008290303,0.8838382530860969,0.7082424584170757,1
-1.8445354030024639,0.4558166541143516,1.386620911867848,-1.7336440773940014,0.7441778069248738,-0.5462416865898835,-1.0134422951122533,-1.2645743308847526,-1.3210055610641682,0.21382661458227684,1
-0.5377969286646456,0.4558166541143516,1.386620911867848,-1.2126467118014348,0.7441778069248738,-0.5462416865898835,-0.2798653199643158,-0.5596209389863135,-0.42528776156562303,0.7788732932506184,1
1.673606643291662,-0.8224405158422775,-0.277999484765713,0.9871199429227351,0.7441778069248738,-0.11136538220746513,0.759368728161929,0.8502858448105648,0.8838382530860969,-0.31590464666929335,2
1.673606643291662,-0.8224405158422775,-0.277999484765713,0.003013807914553804,-0.26414373093923393,0.2691513841271509,1.309551459522882,1.234805876755168,1.2972464682392717,-0.38653548150283606,1
0.969978234032837,-0.8224405158422775,-0.277999484765713,1.5660059046922534,-1.1604295423739965,2.3891733679914404,0.8205001427575905,0.9784591887920991,0.8838382530860969,-0.6690588208370069,2
0.36686816895384394,-0.31113764785962583,-0.277999484765713,-1.1547581156244828,0.29603490120749265,-0.5462416865898835,0.39258024058796026,0.08124578092135848,0.19482456116413907,0.14319577974873415,1
0.969978234032837,-0.05548621386830003,-0.277999484765713,0.003013807914553804,-0.7122866366566154,-0.5462416865898835,1.0650258011402363,1.234805876755168,1.228345099047076,-0.5631125685866928,1
1.472569954931998,0.2001652201230258,-0.277999484765713,-0.1706519806163017,-0.60025091022727,-0.11136538220746513,1.1872886303315593,1.3629792207367022,1.3661478374314675,-0.6337434034202355,1
0.6684232014933404,-0.31113764785962583,-0.277999484765713,0.9292313467457832,-0.04007227808054335,-0.4918821485420812,0.27031741139663734,-0.8800542989401494,0.33262729954853065,-0.06869672475189394,1
1.472569954931998,-0.8224405158422775,-0.277999484765713,0.23456819262236114,-0.936358089515306,2.6609710582304515,1.3706828741185437,1.5552392367090038,1.5728519450080547,-0.6690588208370069,1
-0.03520520776548472,-0.05548621386830003,1.386620911867848,-1.3284239041553385,0.6321420804955284,-0.5462416865898835,-0.2798653199643158,-0.6877942829678478,-0.5630904999500146,0.5669807887499904,1
-1.2414253379234708,-0.8224405158422775,-0.277999484765713,1.2186743276305423,0.8562135333542192,-0.5462416865898835,-4.314538683277973,-3.5716945225523715,-3.8703562211754123,2.2621208247550153,3
-0.6383152728444778,-0.8224405158422775,-0.277999484765713,1.392340116161398,-0.48821518379792467,2.2804542918958357,-0.5243909783469617,-0.6237076109770806,-0.7008932383344062,-0.6337434034202355,1
-0.03520520776548472,0.7114680881056774,-0.277999484765713,-0.6916493462088682,-0.04007227808054335,-0.5462416865898835,-0.2798653199643158,-0.1110142350509431,-0.14968228479683987,-0.033381307335122595,1
0.8694598898530048,-0.5667890818509517,-0.277999484765713,-0.4600949615010609,-0.48821518379792467,-0.5462416865898835,0.8205001427575905,0.7861991728197976,0.7460355147017054,-0.5277971511699214,1
-0.33676024030498125,-0.05548621386830003,-0.277999484765713,-0.5758721538549646,-0.48821518379792467,-0.5462416865898835,-0.09647107617733143,-0.04692756306017591,-0.21858365398903565,-0.5631125685866928,1
-1.0403886495638064,0.7114680881056774,-0.277999484765713,-0.6337607500319165,-0.48821518379792467,0.3235109221749532,-0.707785222133946,-0.49553426699554626,-0.7697946075266019,-0.5631125685866928,1
1.2715332665723336,-0.8224405158422775,-0.277999484765713,-0.9810923270936274,-0.04007227808054335,-0.32880353439867427,0.5759744843749447,0.6580258288382632,0.6771341455095096,-0.4571663163363788,1
0.16583148059417963,1.478422390079655,-0.277999484765713,0.7555655582149277,-0.48821518379792467,-0.5462416865898835,0.6371058989706061,0.5298524848567288,0.539331407125118,-0.4571663163363788,1
-0.6383152728444778,0.2001652201230258,-0.277999484765713,-1.9651984621018086,2.0886065240770177,-0.5462416865898835,-0.5243909783469617,-0.6877942829678478,-0.6319918691422104,0.5669807887499904,1
-0.03520520776548472,-0.8224405158422775,-0.277999484765713,1.6238945008692052,-1.272465268803342,4.400476275760124,-0.2798653199643158,-0.04692756306017591,-0.21858365398903565,-0.6690588208370069,3
-0.33676024030498125,1.478422390079655,-0.277999484765713,1.0450085390996868,0.4080706276368378,-0.5462416865898835,-0.09647107617733143,0.017159108930591284,-0.011879546412448292,-0.5631125685866928,1
-0.8393519612041421,0.2001652201230258,-0.277999484765713,-0.8653151347397238,-0.3761794573685794,-0.5462416865898835,-0.6466538075382846,-0.23918757903247748,-0.5630904999500146,-0.3512200640860647,1
-0.7388336170243099,-0.31113764785962583,-0.277999484765713,-0.402206365324109,-0.26414373093923393,-0.32880353439867427,-0.5243909783469617,-0.36736092301401185,-0.4941891307578188,-0.5631125685866928,1
-0.13572355194531688,1.2227709560883293,-0.277999484765713,-1.4442010965092422,0.6321420804955284,-0.5462416865898835,0.3314488259922988,0.33759246888442723,0.33262729954853065,0.1078803623319628,1
0.16583148059417963,0.9671195220970032,-0.277999484765713,-1.3863125003322903,0.5201063540661832,-0.5462416865898835,0.08692316760965295,0.14533245291212565,0.1259231919719433,0.0372495274984201,1
-0.33676024030498125,-0.8224405158422775,-0.277999484765713,1.8554488855770126,-1.272465268803342,4.400476275760124,-0.4632595637513002,-0.3032742510232447,-0.4941891307578188,-0.6690588208370069,3
0.6684232014933404,-0.5667890818509517,-0.277999484765713,0.8713427505688314,0.18399917477814723,-0.4918821485420812,0.27031741139663734,-1.072314314912451,0.26372593035633485,0.2844574494158195,1
0.7689415456731726,-0.8224405158422775,-0.277999484765713,0.8134541543918795,-1.0483938159446513,1.030184916796383,0.39258024058796026,0.5298524848567288,0.4704300379329222,-0.6690588208370069,2
-1.5429803704629672,-0.31113764785962583,-0.277999484765713,-1.2705353079783865,0.07196344834880182,0.649668150461767,-0.707785222133946,-0.9441409709309165,-1.045400084295385,-0.280589229252522,1
0.36686816895384394,-0.5667890818509517,-0.277999484765713,0.7555655582149277,-1.0483938159446513,1.2476230689875922,0.27031741139663734,0.33759246888442723,0.26372593035633485,-0.6337434034202355,2
-0.7388336170243099,2.5010281260449583,-0.277999484765713,0.35034538497626483,1.3043564390716005,-0.5462416865898835,-0.1576024907729929,-0.1110142350509431,0.1259231919719433,-0.20995839441897932,1
-1.1409069937436387,-0.05548621386830003,-0.277999484765713,-1.7336440773940014,2.3126779769357078,-0.5462416865898835,-0.7689166367296075,-0.8159676269493822,-0.8386959767187977,0.2491420319990482,1
0.8694598898530048,3.01233099402761,-0.277999484765713,-0.6337607500319165,0.6321420804955284,-0.5462416865898835,2.5933111660317727,1.8756725966628398,2.2618656369300125,1.2026583022518746,1
-0.5377969286646456,-0.8224405158422775,4.715861705134969,-0.74953794238582,1.3043564390716005,-0.5462416865898835,-3.8254873665126805,-2.289961082737028,-2.4923288373314967,4.557622956845153,3
-0.03520520776548472,-0.8224405158422775,-0.277999484765713,1.2765629238074943,-1.1604295423739965,1.030184916796383,-0.03533966158166997,0.017159108930591284,-0.08078091560464408,-0.6690588208370069,2
-1.8445354030024639,-0.31113764785962583,3.051241308501409,-1.8494212697479049,1.0802849862129096,-0.5462416865898835,-1.4413621972818835,-1.6490943628293557,-1.9411178837939302,0.4963499539164476,1
-0.5377969286646456,-0.5667890818509517,1.386620911867848,-1.4442010965092422,0.9682492597835647,-0.5462416865898835,0.3314488259922988,-0.751880954958615,-0.5630904999500146,2.156174572504701,1
0.46738651313367613,1.9897252580623066,-0.277999484765713,0.17667959644540931,-0.15210800450988876,-0.5462416865898835,0.6371058989706061,0.7221125008290303,0.6771341455095096,-0.24527381183575067,1
0.5679048573135083,-0.8224405158422775,-0.277999484765713,1.7975602894000609,-1.272465268803342,2.6609710582304515,0.14805458220531442,0.27350579689366006,0.19482456116413907,-0.6690588208370069,2
1.7741249874714944,-0.8224405158422775,-0.277999484765713,0.9871199429227351,-0.26414373093923393,0.8671063026529761,1.1261572157358979,0.9784591887920991,1.228345099047076,0.6729270410003043,2
1.1710149223925013,-0.8224405158422775,-0.277999484765713,0.7555655582149277,-0.936358089515306,-0.274443996350872,0.6371058989706061,0.7221125008290303,0.6771341455095096,-0.5277971511699214,2
-0.6383152728444778,0.4558166541143516,-0.277999484765713,0.4082339811532167,-0.3761794573685794,-0.274443996350872,0.14805458220531442,0.017159108930591284,-0.011879546412448292,-0.174642977002208,1
-1.1409069937436387,-0.8224405158422775,-0.277999484765713,-0.5758721538549646,-0.60025091022727,0.05171323193594174,-0.8911794659209304,-0.6237076109770806,-0.8386959767187977,-0.5984279860034641,1
-1.8445354030024639,0.2001652201230258,-0.277999484765713,-1.5599782888631457,0.4080706276368378,-0.5462416865898835,-1.0745737097079149,-0.8800542989401494,-1.045400084295385,-0.4218508989196074,1
-1.2414253379234708,-0.8224405158422775,-0.277999484765713,1.334451519984446,0.6321420804955284,-0.5462416865898835,-4.314538683277973,-3.763954538524673,-4.077060328751999,1.732389563503445,3
0.16583148059417963,-0.05548621386830003,-0.277999484765713,-1.096869519447531,0.07196344834880182,-0.5462416865898835,0.02579175301399149,0.27350579689366006,0.1259231919719433,-0.5984279860034641,1
-0.03520520776548472,0.4558166541143516,-0.277999484765713,-1.0389809232705793,0.4080706276368378,-0.5462416865898835,0.27031741139663734,0.017159108930591284,0.19482456116413907,0.1078803623319628,1
1.472569954931998,-0.8224405158422775,-0.277999484765713,1.4502287123383497,-1.1604295423739965,3.4763641289474863,0.759368728161929,0.8502858448105648,0.8149368838939012,-0.6690588208370069,3
0.5679048573135083,-0.05548621386830003,-0.277999484765713,-0.5179835576780127,-0.3761794573685794,-0.5462416865898835,0.27031741139663734,0.4016791408751944,0.26372593035633485,-0.5631125685866928,1
0.06531313641434745,-0.05548621386830003,-0.277999484765713,-1.2705353079783865,0.6321420804955284,0.05171323193594174,0.5759744843749447,0.017159108930591284,-0.011879546412448292,0.8495041280841611,1
-1.1409069937436387,0.2001652201230258,-0.277999484765713,-1.502089692686194,0.4080706276368378,-0.5462416865898835,-0.707785222133946,-0.49553426699554626,-0.7008932383344062,-0.4571663163363788,1
0.06531313641434745,1.2227709560883293,-0.277999484765713,0.5818997696840722,-0.15210800450988876,-0.5462416865898835,0.8205001427575905,0.7861991728197976,1.0905423606626843,0.8848195455009324,1
-0.5377969286646456,0.9671195220970032,1.386620911867848,-1.6178668850400977,1.192320712642255,-0.5462416865898835,-0.21873390536865436,-0.751880954958615,-0.6319918691422104,1.34391997191896,1
-0.23624189612514906,-0.8224405158422775,3.051241308501409,0.8134541543918795,0.6321420804955284,-0.5462416865898835,-0.21873390536865436,-0.9441409709309165,-0.4941891307578188,1.34391997191896,3
0.16583148059417963,2.2453766920536324,-0.277999484765713,0.6976769620379758,-0.3761794573685794,-0.5462416865898835,0.6371058989706061,0.5298524848567288,0.539331407125118,-0.4571663163363788,1
-1.1409069937436387,-0.05548621386830003,-0.277999484765713,-1.8494212697479049,1.5284278919302914,-0.5462416865898835,-0.9523108805165919,-0.8159676269493822,-1.045400084295385,0.8495041280841611,1
1.472569954931998,-0.31113764785962583,-0.277999484765713,-0.28642917297020537,-0.7122866366566154,0.10607276998374403,1.554077117905528,1.5552392367090038,1.5728519450080547,-0.5631125685866928,1
-0.8393519612041421,-0.8224405158422775,-0.277999484765713,-0.74953794238582,-0.26414373093923393,-0.5462416865898835,-0.707785222133946,-0.49553426699554626,-0.7008932383344062,-0.5631125685866928,1
-1.1409069937436387,-0.31113764785962583,-0.277999484765713,-1.6757554812170494,0.6321420804955284,-0.5462416865898835,-1.1357051243035763,-0.6237076109770806,-0.9075973459109935,-0.3512200640860647,1
0.2663498247740118,-0.8224405158422775,-0.277999484765713,1.7975602894000609,-1.0483938159446513,0.9214658407007784,0.02579175301399149,0.14533245291212565,0.057021822779747496,-0.6690588208370069,1
0.8694598898530048,-0.31113764785962583,-0.277999484765713,1.5660059046922534,-1.0483938159446513,1.410701683130999,0.4537116551836217,0.5298524848567288,0.4704300379329222,-0.6337434034202355,1
1.2715332665723336,-0.8224405158422775,-0.277999484765713,1.1028971352766388,-1.0483938159446513,1.2476230689875922,0.759368728161929,0.7861991728197976,0.8149368838939012,-0.6337434034202355,2
-1.3419436821033028,-0.8224405158422775,-0.277999484765713,-0.11276338443934987,-0.48821518379792467,-0.5462416865898835,-1.3802307826862221,-1.3286610028755197,-1.5277096686407556,-0.6337434034202355,1
-0.13572355194531688,-0.8224405158422775,-0.277999484765713,0.23456819262236114,-0.8243223630859606,-0.4375226104942789,-0.09647107617733143,0.017159108930591284,-0.08078091560464408,-0.6337434034202355,1
-0.33676024030498125,-0.8224405158422775,-0.277999484765713,0.4661225773301685,-0.936358089515306,0.05171323193594174,-0.2798653199643158,-0.1751009070417103,-0.2874850231812314,-0.6690588208370069,1
0.16583148059417963,0.9671195220970032,-0.277999484765713,0.003013807914553804,-0.60025091022727,-0.4375226104942789,0.08692316760965295,0.27350579689366006,0.19482456116413907,-0.5631125685866928,1
0.46738651313367613,-0.8224405158422775,-0.277999484765713,-0.8074265385627719,-0.3761794573685794,0.43222999827055775,0.4537116551836217,0.27350579689366006,0.4015286687407264,-0.24527381183575067,1
-0.03520520776548472,-0.8224405158422775,3.051241308501409,0.8134541543918795,1.6404636183596362,-0.5462416865898835,-0.7689166367296075,-2.5463077707000963,-2.423427468139301,2.685905833756271,3
-1.8445354030024639,0.4558166541143516,-0.277999484765713,-1.5599782888631457,0.29603490120749265,-0.5462416865898835,-1.3190993680905607,-1.0082276429216839,-1.389906930256364,-0.280589229252522,1
-1.3419436821033028,2.2453766920536324,-0.277999484765713,-0.6337607500319165,0.8562135333542192,-0.5462416865898835,1.7986027762881738,1.0425458607828664,1.3661478374314675,1.3086045545021887,1
-0.5377969286646456,-0.31113764785962583,-0.277999484765713,-1.096869519447531,2.3126779769357078,-0.5462416865898835,-0.7689166367296075,0.14533245291212565,-0.5630904999500146,2.12085915508793,1
-1.1409069937436387,-0.5667890818509517,-0.277999484765713,-1.7915326735709531,1.5284278919302914,-0.5462416865898835,-1.5636250264732066,-1.3927476748662868,-1.5277096686407556,0.07256494491519144,1
-1.1409069937436387,-0.05548621386830003,-0.277999484765713,-1.6757554812170494,1.864535071218327,-0.5462416865898835,-0.6466538075382846,-0.9441409709309165,-0.9764987151031893,0.3197728668325909,1
1.2715332665723336,-0.8224405158422775,-0.277999484765713,0.8134541543918795,-1.0483938159446513,2.334813829943638,1.1872886303315593,1.234805876755168,1.2972464682392717,-0.5984279860034641,2
-0.33676024030498125,1.478422390079655,-0.277999484765713,-0.22854057679325354,-0.3761794573685794,-0.5462416865898835,0.9427629719489135,0.5298524848567288,0.539331407125118,-0.06869672475189394,1
0.46738651313367613,0.2001652201230258,-0.277999484765713,-0.11276338443934987,-0.3761794573685794,-0.5462416865898835,0.39258024058796026,0.593939156847496,0.4704300379329222,-0.4571663163363788,1
-0.33676024030498125,-0.05548621386830003,-0.277999484765713,0.29245678879931297,1.864535071218327,-0.5462416865898835,0.08692316760965295,-0.3032742510232447,-0.14968228479683987,-0.13932755958543663,1
0.46738651313367613,0.4558166541143516,-0.277999484765713,0.6976769620379758,-0.60025091022727,-0.5462416865898835,0.6371058989706061,0.5298524848567288,0.4704300379329222,-0.4218508989196074,1
0.36686816895384394,0.7114680881056774,-0.277999484765713,0.6976769620379758,0.07196344834880182,-0.5462416865898835,0.5148430697792832,0.4016791408751944,0.33262729954853065,-0.38653548150283606,1
-0.23624189612514906,0.7114680881056774,-0.277999484765713,-1.1547581156244828,0.07196344834880182,-0.5462416865898835,1.0650258011402363,1.298892548745935,1.228345099047076,-0.174642977002208,1
1.2715332665723336,-0.8224405158422775,-0.277999484765713,1.0450085390996868,-1.0483938159446513,1.573780297274406,0.759368728161929,0.9143725168013319,0.8838382530860969,-0.6337434034202355,2
-1.0403886495638064,-0.05548621386830003,-0.277999484765713,-0.9810923270936274,-0.26414373093923393,-0.4918821485420812,-0.7689166367296075,-0.6877942829678478,-0.8386959767187977,-0.4571663163363788,1
-0.33676024030498125,-0.8224405158422775,-0.277999484765713,0.29245678879931297,-0.8243223630859606,1.8455779875134173,-0.03533966158166997,0.08124578092135848,-0.011879546412448292,-0.6690588208370069,1
0.8694598898530048,-0.5667890818509517,-0.277999484765713,-1.3863125003322903,2.5367494297943987,-0.5462416865898835,0.3314488259922988,-0.49553426699554626,-0.21858365398903565,1.8736512331705304,1
-0.03520520776548472,-0.8224405158422775,-0.277999484765713,0.8134541543918795,1.3043564390716005,-0.5462416865898835,-0.2798653199643158,-0.751880954958615,-0.5630904999500146,-0.174642977002208,1
-1.1409069937436387,-0.8224405158422775,-0.277999484765713,-1.0389809232705793,-0.04007227808054335,-0.5462416865898835,-0.6466538075382846,-0.5596209389863135,-0.7697946075266019,-0.6337434034202355,1
0.46738651313367613,-0.8224405158422775,-0.277999484765713,-0.11276338443934987,-0.7122866366566154,2.4978924440870447,0.20918599680097588,0.27350579689366006,0.19482456116413907,-0.6337434034202355,1
-1.0403886495638064,-0.8224405158422775,-0.277999484765713,0.003013807914553804,-0.26414373093923393,1.1389039928919875,-0.5243909783469617,-0.8159676269493822,-0.7697946075266019,-0.13932755958543663,1
-0.5377969286646456,-0.8224405158422775,4.715861705134969,-1.3863125003322903,5.561714043386723,-0.5462416865898835,-2.9085161475777586,-2.354047754727795,-3.25024389844565,2.685905833756271,2
-0.03520520776548472,-0.8224405158422775,-0.277999484765713,1.6238945008692052,-1.0483938159446513,0.16043230803154632,-0.09647107617733143,0.14533245291212565,0.057021822779747496,-0.6337434034202355,1
0.46738651313367613,-0.8224405158422775,-0.277999484765713,-0.5179835576780127,-0.15210800450988876,-0.5462416865898835,0.39258024058796026,0.33759246888442723,0.26372593035633485,-0.49248173375315013,1
0.46738651313367613,-0.8224405158422775,-0.277999484765713,0.7555655582149277,-0.936358089515306,-0.05700584415966284,0.39258024058796026,0.33759246888442723,0.4015286687407264,-0.5277971511699214,2
-0.9398703053839742,1.734073824070981,-0.277999484765713,-0.74953794238582,-0.3761794573685794,-0.5462416865898835,-0.707785222133946,-0.3032742510232447,-0.5630904999500146,-0.4218508989196074,1
-0.33676024030498125,-0.31113764785962583,-0.277999484765713,-1.3863125003322903,-0.04007227808054335,-0.002646306111860552,-0.2798653199643158,-0.1110142350509431,-0.2874850231812314,-0.6337434034202355,1
0.2663498247740118,-0.5667890818509517,3.051241308501409,-1.3284239041553385,1.0802849862129096,-0.5462416865898835,-0.707785222133946,-1.2645743308847526,-1.1143014534875808,1.34391997191896,3
1.8746433316513265,-0.8224405158422775,-0.277999484765713,0.5818997696840722,-0.8243223630859606,2.171735215800231,1.309551459522882,1.234805876755168,1.3661478374314675,-0.49248173375315013,1
0.16583148059417963,-0.31113764785962583,-0.277999484765713,-0.28642917297020537,-0.60025091022727,-0.16572492025526742,0.27031741139663734,0.33759246888442723,0.26372593035633485,-0.6337434034202355,1
-1.1409069937436387,-0.8224405158422775,-0.277999484765713,-1.7336440773940014,3.993213873375889,-0.5462416865898835,-0.6466538075382846,-0.8159676269493822,-0.8386959767187977,0.21382661458227684,1
-1.2414253379234708,-0.8224405158422775,-0.277999484765713,-1.096869519447531,-0.04007227808054335,-0.5462416865898835,-1.4413621972818835,-1.3927476748662868,-1.4588082994485598,0.0372495274984201,1
0.5679048573135083,-0.31113764785962583,-0.277999484765713,0.639788365861024,-0.7122866366566154,-0.4375226104942789,0.759368728161929,0.7861991728197976,0.8149368838939012,-0.5277971511699214,1
-0.4372785844848134,3.01233099402761,-0.277999484765713,-1.4442010965092422,0.29603490120749265,-0.5462416865898835,0.20918599680097588,0.5298524848567288,0.4015286687407264,-0.3512200640860647,1
0.2663498247740118,-0.8224405158422775,-0.277999484765713,-0.1706519806163017,-0.7122866366566154,2.008656601656824,0.20918599680097588,0.33759246888442723,0.26372593035633485,-0.6690588208370069,1
0.36686816895384394,-0.8224405158422775,-0.277999484765713,1.6238945008692052,-1.272465268803342,1.0845444548441854,0.02579175301399149,0.27350579689366006,0.057021822779747496,-0.6337434034202355,2
-0.7388336170243099,-0.8224405158422775,-0.277999484765713,-0.8653151347397238,-0.48821518379792467,-0.32880353439867427,-0.707785222133946,-0.6237076109770806,-0.7697946075266019,-0.5984279860034641,1
-1.1409069937436387,-0.8224405158422775,-0.277999484765713,-1.1547581156244828,-0.15210800450988876,-0.5462416865898835,-0.7689166367296075,-0.8159676269493822,-0.9764987151031893,-0.5631125685866928,1
-0.13572355194531688,0.9671195220970032,-0.277999484765713,-1.7915326735709531,1.192320712642255,-0.5462416865898835,-0.03533966158166997,0.08124578092135848,-0.011879546412448292,-0.280589229252522,1
0.5679048573135083,0.9671195220970032,-0.277999484765713,-0.3443177691471572,-0.60025091022727,-0.5462416865898835,0.39258024058796026,0.593939156847496,0.4704300379329222,-0.5631125685866928,1
0.36686816895384394,-0.8224405158422775,-0.277999484765713,0.6976769620379758,0.7441778069248738,-0.5462416865898835,0.27031741139663734,-0.8800542989401494,0.19482456116413907,0.531665371333219,1
0.5679048573135083,1.478422390079655,-0.277999484765713,0.17667959644540931,0.07196344834880182,-0.5462416865898835,1.4929457033098665,0.46576581286596164,0.6082327763173138,1.838335815753759,1
-0.5377969286646456,-0.8224405158422775,-0.277999484765713,-0.9810923270936274,-0.15210800450988876,-0.5462416865898835,0.6371058989706061,1.234805876755168,1.15944372985488,-0.20995839441897932,2
0.06531313641434745,1.2227709560883293,-0.277999484765713,0.7555655582149277,-0.26414373093923393,-0.5462416865898835,1.1261572157358979,0.6580258288382632,1.0905423606626843,1.8030203983369877,1
-0.8393519612041421,-0.8224405158422775,1.386620911867848,0.9871199429227351,-0.04007227808054335,-0.5462416865898835,-1.4413621972818835,-1.5209210188478213,-1.6655124070251472,-0.4218508989196074,1
0.16583148059417963,0.2001652201230258,-0.277999484765713,0.6976769620379758,-0.936358089515306,0.16043230803154632,0.27031741139663734,0.4016791408751944,0.33262729954853065,-0.5984279860034641,1
0.5679048573135083,0.2001652201230258,-0.277999484765713,-0.74953794238582,-0.26414373093923393,-0.5462416865898835,0.39258024058796026,0.5298524848567288,0.4015286687407264,-0.5984279860034641,1
-1.1409069937436387,-0.8224405158422775,-0.277999484765713,-1.3863125003322903,0.29603490120749265,-0.4918821485420812,-0.7689166367296075,-0.49553426699554626,-0.7697946075266019,-0.5277971511699214,1
0.46738651313367613,-0.5667890818509517,-0.277999484765713,-0.4600949615010609,-0.60025091022727,0.10607276998374403,0.20918599680097588,0.4016791408751944,0.26372593035633485,-0.6337434034202355,1
0.46738651313367613,0.7114680881056774,-0.277999484765713,0.7555655582149277,-0.60025091022727,-0.5462416865898835,0.6371058989706061,0.593939156847496,0.6082327763173138,-0.4571663163363788,1
-0.13572355194531688,-0.8224405158422775,-0.277999484765713,0.8134541543918795,-1.0483938159446513,1.3563421450831967,-0.21873390536865436,0.017159108930591284,-0.14968228479683987,-0.6690588208370069,2
-1.2414253379234708,-0.05548621386830003,-0.277999484765713,-1.2705353079783865,0.29603490120749265,-0.5462416865898835,-1.0745737097079149,-1.3286610028755197,-1.3210055610641682,0.35508828424936223,1
-1.2414253379234708,-0.8224405158422775,-0.277999484765713,1.1028971352766388,0.8562135333542192,-0.5462416865898835,-4.314538683277973,-3.3153478345893026,-3.319145267637846,2.7918520860065854,3
1.673606643291662,-0.8224405158422775,-0.277999484765713,1.5660059046922534,-1.1604295423739965,2.4978924440870447,0.759368728161929,0.9784591887920991,0.8838382530860969,-0.6690588208370069,2
1.472569954931998,-0.8224405158422775,-0.277999484765713,0.5818997696840722,-0.936358089515306,0.5409490743661624,0.9427629719489135,1.1066325327736335,1.0216409914704885,-0.6337434034202355,1
-0.6383152728444778,1.9897252580623066,-0.277999484765713,-1.3284239041553385,0.18399917477814723,-0.5462416865898835,1.0650258011402363,0.8502858448105648,0.9527396222782927,0.0019341100816487541,1
0.16583148059417963,-0.31113764785962583,-0.277999484765713,0.003013807914553804,-0.60025091022727,-0.4375226104942789,0.08692316760965295,0.20941912490289286,0.057021822779747496,-0.5984279860034641,1
-1.3419436821033028,-0.8224405158422775,-0.277999484765713,-0.11276338443934987,-0.60025091022727,-0.5462416865898835,-0.8911794659209304,-0.6877942829678478,-0.8386959767187977,-0.5984279860034641,1
2.4777533967303196,0.4558166541143516,-0.277999484765713,-1.0389809232705793,-0.04007227808054335,-0.5462416865898835,1.9819970200751582,2.32427930059821,2.3307670061222083,-0.3512200640860647,1
-0.23624189612514906,0.9671195220970032,-0.277999484765713,0.35034538497626483,1.192320712642255,-0.5462416865898835,-0.4021281491556387,0.33759246888442723,0.33262729954853065,0.21382661458227684,1
-1.3419436821033028,1.2227709560883293,-0.277999484765713,-0.11276338443934987,-0.60025091022727,-0.5462416865898835,0.9427629719489135,0.46576581286596164,0.6082327763173138,0.2844574494158195,1
0.46738651313367613,-0.8224405158422775,-0.277999484765713,-0.28642917297020537,-0.60025091022727,1.8455779875134173,0.20918599680097588,0.27350579689366006,0.26372593035633485,-0.6337434034202355,1
-1.2414253379234708,0.9671195220970032,-0.277999484765713,-0.3443177691471572,-0.60025091022727,-0.5462416865898835,0.759368728161929,0.017159108930591284,-0.08078091560464408,0.4610345364996763,1
-1.1409069937436387,-0.8224405158422775,-0.277999484765713,-1.0389809232705793,-0.15210800450988876,-0.5462416865898835,-0.707785222133946,-0.6877942829678478,-0.8386959767187977,-0.6337434034202355,1
-0.7388336170243099,0.7114680881056774,-0.277999484765713,-1.2705353079783865,0.07196344834880182,-0.5462416865898835,-0.2798653199643158,0.017159108930591284,-0.21858365398903565,-0.3512200640860647,1
1.673606643291662,-0.8224405158422775,-0.277999484765713,2.1448918664617715,-1.1604295423739965,1.4650612211788014,0.759368728161929,0.9784591887920991,0.8838382530860969,-0.6690588208370069,3
-0.23624189612514906,0.7114680881056774,-0.277999484765713,-0.5179835576780127,-0.04007227808054335,-0.5462416865898835,0.3314488259922988,-0.23918757903247748,0.26372593035633485,1.5911278938363596,1
-0.33676024030498125,-0.5667890818509517,-0.277999484765713,-1.3284239041553385,-0.15210800450988876,0.10607276998374403,-0.21873390536865436,-0.1110142350509431,-0.21858365398903565,-0.6337434034202355,1
1.673606643291662,-0.8224405158422775,-0.277999484765713,1.5081173085153015,-0.48821518379792467,2.008656601656824,1.0038943865445749,0.9784591887920991,1.15944372985488,0.35508828424936223,2
-0.33676024030498125,1.478422390079655,-0.277999484765713,-0.28642917297020537,-0.3761794573685794,-0.5462416865898835,-0.2798653199643158,0.4016791408751944,0.1259231919719433,-0.13932755958543663,1
0.16583148059417963,-0.8224405158422775,-0.277999484765713,0.8713427505688314,-0.936358089515306,3.3132855148040794,0.3314488259922988,0.46576581286596164,0.4015286687407264,-0.6337434034202355,3
-0.33676024030498125,0.4558166541143516,1.386620911867848,-1.0389809232705793,0.4080706276368378,-0.5462416865898835,-0.2798653199643158,-0.36736092301401185,-0.35638639237342723,0.2844574494158195,1
-0.03520520776548472,0.2001652201230258,1.386620911867848,-1.502089692686194,1.0802849862129096,-0.5462416865898835,0.3314488259922988,-0.6237076109770806,-0.21858365398903565,2.0149129028376156,2
-1.3419436821033028,0.7114680881056774,-0.277999484765713,-1.1547581156244828,2.6487851562237448,-0.5462416865898835,-0.7689166367296075,-0.6877942829678478,-0.8386959767187977,0.17851119716550548,1
1.2715332665723336,-0.05548621386830003,-0.277999484765713,-1.2705353079783865,1.3043564390716005,-0.5462416865898835,1.0650258011402363,0.6580258288382632,0.9527396222782927,0.4610345364996763,1
-0.03520520776548472,-0.5667890818509517,6.38048210176853,0.9292313467457832,0.8562135333542192,-0.5462416865898835,-0.7689166367296075,-2.6103944426908634,-2.8368356832924757,4.522307539428382,3
-0.5377969286646456,0.7114680881056774,-0.277999484765713,-1.7915326735709531,2.200642250506363,-0.5462416865898835,-0.09647107617733143,-0.3032742510232447,-0.14968228479683987,0.2491420319990482,1
0.16583148059417963,0.7114680881056774,-0.277999484765713,0.9292313467457832,-0.60025091022727,-0.5462416865898835,0.5759744843749447,0.4016791408751944,0.4704300379329222,-0.4571663163363788,1
1.3720516107521656,-0.8224405158422775,-0.277999484765713,0.7555655582149277,-1.0483938159446513,0.10607276998374403,0.759368728161929,0.9143725168013319,0.8149368838939012,-0.6690588208370069,2
-1.1409069937436387,0.4558166541143516,-0.277999484765713,-0.8653151347397238,-0.15210800450988876,-0.5462416865898835,-0.2798653199643158,-0.3032742510232447,-0.2874850231812314,-0.24527381183575067,1
0.6684232014933404,-0.5667890818509517,-0.277999484765713,0.29245678879931297,-0.60025091022727,-0.5462416865898835,0.5148430697792832,0.6580258288382632,0.6082327763173138,-0.5277971511699214,1
-0.4372785844848134,-0.05548621386830003,-0.277999484765713,0.6976769620379758,-0.48821518379792467,0.5953086124139646,-0.2798653199643158,0.017159108930591284,-0.08078091560464408,-0.4218508989196074,1
-0.33676024030498125,-0.05548621386830003,-0.277999484765713,1.5660059046922534,-0.04007227808054335,-0.11136538220746513,0.08692316760965295,0.14533245291212565,0.1259231919719433,-0.5631125685866928,1
-0.03520520776548472,-0.5667890818509517,-0.277999484765713,-1.1547581156244828,0.4080706276368378,0.16043230803154632,0.5759744843749447,-0.1110142350509431,-0.011879546412448292,0.8495041280841611,1
0.36686816895384394,-0.8224405158422775,-0.277999484765713,0.8134541543918795,-1.0483938159446513,1.3019826070353946,0.27031741139663734,0.33759246888442723,0.26372593035633485,-0.6690588208370069,2
1.7741249874714944,0.7114680881056774,-0.277999484765713,0.5240111735071203,-0.936358089515306,0.7040276885095692,1.1872886303315593,1.619325908699771,1.503950575815859,-0.5277971511699214,1
1.0704965782126692,-0.5667890818509517,-0.277999484765713,-0.22854057679325354,-0.60025091022727,-0.4918821485420812,1.0650258011402363,1.234805876755168,1.228345099047076,-0.5984279860034641,1
-1.1409069937436387,-0.8224405158422775,-0.277999484765713,-1.2705353079783865,-0.15210800450988876,-0.5462416865898835,-0.7689166367296075,-0.8159676269493822,-0.9764987151031893,-0.5984279860034641,1
-1.0403886495638064,-0.05548621386830003,-0.277999484765713,0.17667959644540931,-0.48821518379792467,-0.32880353439867427,-0.5243909783469617,-0.431447595004779,-0.5630904999500146,-0.49248173375315013,1
0.6684232014933404,-0.31113764785962583,-0.277999484765713,0.9292313467457832,0.07196344834880182,-0.5462416865898835,0.27031741139663734,-0.04692756306017591,0.19482456116413907,0.1078803623319628,1
-0.6383152728444778,2.756679560036284,-0.277999484765713,-0.6916493462088682,0.9682492597835647,-0.5462416865898835,-0.2798653199643158,0.5298524848567288,0.33262729954853065,0.7082424584170757,1
-1.0403886495638064,-0.31113764785962583,-0.277999484765713,-0.5179835576780127,-0.48821518379792467,0.2147918460793486,-0.707785222133946,-0.431447595004779,-0.7008932383344062,-0.5277971511699214,1
-2.3471271239016245,-0.05548621386830003,-0.277999484765713,0.9871199429227351,0.29603490120749265,-0.5462416865898835,-1.8692820994515138,-1.9054410507924244,-2.078920622178322,0.637611623583533,1
-0.03520520776548472,-0.8224405158422775,-0.277999484765713,-0.1706519806163017,-0.60025091022727,0.16043230803154632,0.14805458220531442,0.08124578092135848,0.057021822779747496,-0.38653548150283606,1
0.36686816895384394,0.7114680881056774,-0.277999484765713,0.639788365861024,0.18399917477814723,-0.5462416865898835,0.6371058989706061,0.5298524848567288,0.8149368838939012,1.0613966325847892,1
0.8694598898530048,-0.05548621386830003,-0.277999484765713,-0.6337607500319165,-0.3761794573685794,0.16043230803154632,0.4537116551836217,0.6580258288382632,0.539331407125118,-0.5984279860034641,1
-0.5377969286646456,-0.05548621386830003,1.386620911867848,-1.3284239041553385,0.7441778069248738,-0.5462416865898835,-0.2798653199643158,-0.6237076109770806,-0.4941891307578188,0.8141887106673897,1
0.06531313641434745,3.523633862010262,-0.277999484765713,0.060902404091505644,0.9682492597835647,-0.5462416865898835,1.3706828741185437,0.9784591887920991,1.15944372985488,0.3197728668325909,1
-0.03520520776548472,-0.8224405158422775,3.051241308501409,-1.6757554812170494,1.5284278919302914,-0.5462416865898835,-1.3802307826862221,-0.9441409709309165,-1.1832028226797766,1.0260812151680179,3
-0.23624189612514906,1.734073824070981,-0.277999484765713,0.29245678879931297,-0.04007227808054335,-0.5462416865898835,0.02579175301399149,0.33759246888442723,0.26372593035633485,-0.38653548150283606,1
-0.5377969286646456,2.5010281260449583,-0.277999484765713,-0.74953794238582,3.993213873375889,-0.5462416865898835,-0.2798653199643158,1.298892548745935,1.7106546833924463,4.169153365260668,1
-0.5377969286646456,-0.5667890818509517,-0.277999484765713,-0.4600949615010609,1.5284278919302914,-0.5462416865898835,-0.2798653199643158,-0.6237076109770806,-0.5630904999500146,0.17851119716550548,1
-0.23624189612514906,-0.31113764785962583,3.051241308501409,-1.6757554812170494,1.192320712642255,-0.5462416865898835,-0.21873390536865436,-0.6237076109770806,-0.42528776156562303,0.9201349629177038,2
2.578271740910152,-0.8224405158422775,-0.277999484765713,1.0450085390996868,-1.0483938159446513,0.05171323193594174,1.554077117905528,1.7474992526813053,1.7795560525846421,-0.6690588208370069,2
-0.13572355194531688,1.734073824070981,-0.277999484765713,-1.502089692686194,0.7441778069248738,-0.5462416865898835,0.3314488259922988,0.27350579689366006,0.26372593035633485,0.14319577974873415,1
-1.8445354030024639,-0.8224405158422775,-0.277999484765713,-1.8494212697479049,0.9682492597835647,-0.5462416865898835,-1.1357051243035763,-1.5209210188478213,-1.5966110378329514,0.0019341100816487541,1
0.2663498247740118,-0.8224405158422775,1.386620911867848,0.9871199429227351,0.9682492597835647,-0.5462416865898835,-0.21873390536865436,-1.0082276429216839,-0.4941891307578188,0.9201349629177038,1
-0.7388336170243099,-0.8224405158422775,-0.277999484765713,-0.8074265385627719,-0.3761794573685794,-0.5462416865898835,-0.4021281491556387,-0.23918757903247748,-0.35638639237342723,-0.5984279860034641,1
-0.23624189612514906,1.9897252580623066,-0.277999484765713,-1.3863125003322903,0.18399917477814723,-0.5462416865898835,0.6371058989706061,0.8502858448105648,0.7460355147017054,-0.4218508989196074,1
-0.33676024030498125,-0.8224405158422775,-0.277999484765713,0.23456819262236114,-0.8243223630859606,1.4650612211788014,-1.0745737097079149,-0.6237076109770806,-0.8386959767187977,-0.38653548150283606,1
1.0704965782126692,-0.5667890818509517,-0.277999484765713,-0.1706519806163017,-0.60025091022727,-0.4375226104942789,1.4929457033098665,1.4270658927274695,1.503950575815859,-0.49248173375315013,2
-1.1409069937436387,1.478422390079655,-0.277999484765713,-1.2705353079783865,0.18399917477814723,-0.5462416865898835,-0.09647107617733143,-0.36736092301401185,-0.35638639237342723,-0.174642977002208,1
-0.4372785844848134,1.2227709560883293,-0.277999484765713,-1.4442010965092422,0.18399917477814723,-0.5462416865898835,0.5759744843749447,0.5298524848567288,0.539331407125118,-0.4218508989196074,1
-0.33676024030498125,-0.8224405158422775,8.045102498402093,1.9133374817539643,-1.1604295423739965,-0.5462416865898835,-1.8081506848558524,-0.9441409709309165,-1.2521041918719724,0.14319577974873415,3
-0.03520520776548472,-0.05548621386830003,-0.277999484765713,0.5818997696840722,0.6321420804955284,-0.5462416865898835,0.14805458220531442,-0.6877942829678478,0.1259231919719433,0.0372495274984201,1
1.0704965782126692,0.7114680881056774,-0.277999484765713,-0.8074265385627719,0.4080706276368378,-0.5462416865898835,0.759368728161929,0.9143725168013319,0.8838382530860969,-0.31590464666929335,1
0.46738651313367613,3.523633862010262,-0.277999484765713,-0.6916493462088682,4.44135677909327,-0.5462416865898835,0.5148430697792832,1.4270658927274695,1.5728519450080547,1.8736512331705304,1
1.1710149223925013,-0.8224405158422775,-0.277999484765713,1.6238945008692052,-1.1604295423739965,1.573780297274406,0.4537116551836217,0.593939156847496,0.539331407125118,-0.6690588208370069,2
-0.23624189612514906,3.01233099402761,-0.277999484765713,-0.9232037309166756,2.0886065240770177,-0.5462416865898835,0.759368728161929,0.593939156847496,0.7460355147017054,0.21382661458227684,1
0.46738651313367613,0.7114680881056774,-0.277999484765713,0.11879100026845747,0.29603490120749265,-0.5462416865898835,0.27031741139663734,0.33759246888442723,0.4015286687407264,0.1078803623319628,1
0.5679048573135083,0.2001652201230258,-0.277999484765713,0.639788365861024,-0.8243223630859606,-0.5462416865898835,0.9427629719489135,1.1066325327736335,1.0905423606626843,-0.5631125685866928,1
0.6684232014933404,-0.8224405158422775,-0.277999484765713,0.8134541543918795,0.07196344834880182,-0.5462416865898835,0.27031741139663734,-0.1110142350509431,0.33262729954853065,0.35508828424936223,1
0.969978234032837,-0.8224405158422775,-0.277999484765713,1.1607857314535905,-1.1604295423739965,-0.22008445830306972,0.39258024058796026,0.593939156847496,0.539331407125118,-0.6337434034202355,1
2.4777533967303196,1.2227709560883293,-0.277999484765713,-0.3443177691471572,-0.48821518379792467,-0.5462416865898835,2.9600996536057416,2.7728860045335804,2.8819779596597748,-0.13932755958543663,1
1.1710149223925013,0.4558166541143516,-0.277999484765713,0.23456819262236114,-0.7122866366566154,-0.274443996350872,0.6982373135662676,1.1707192047644006,1.0905423606626843,-0.49248173375315013,1
0.06531313641434745,-0.8224405158422775,-0.277999484765713,-0.9232037309166756,0.07196344834880182,0.3778704602227555,0.5759744843749447,0.017159108930591284,0.057021822779747496,0.3904037016661336,1
0.6684232014933404,-0.8224405158422775,-0.277999484765713,0.9871199429227351,-0.936358089515306,1.4650612211788014,0.20918599680097588,0.33759246888442723,0.26372593035633485,-0.6337434034202355,2
-1.0403886495638064,0.9671195220970032,-0.277999484765713,-0.74953794238582,-0.48821518379792467,0.05171323193594174,-0.707785222133946,-0.431447595004779,-0.7008932383344062,-0.5631125685866928,1
-1.5429803704629672,-0.05548621386830003,-0.277999484765713,-1.3284239041553385,0.4080706276368378,-0.5462416865898835,-1.4413621972818835,-1.2004876588939852,-1.5277096686407556,-0.24527381183575067,1
0.2663498247740118,0.7114680881056774,-0.277999484765713,-0.11276338443934987,-0.60025091022727,-0.4375226104942789,0.39258024058796026,0.5298524848567288,0.4704300379329222,-0.6337434034202355,1
-0.33676024030498125,0.7114680881056774,-0.277999484765713,-1.3284239041553385,0.8562135333542192,-0.5462416865898835,0.3314488259922988,-0.431447595004779,-0.011879546412448292,1.8030203983369877,1
1.57308829911183,-0.8224405158422775,-0.277999484765713,0.8713427505688314,-1.0483938159446513,1.954297063609022,1.0038943865445749,1.1707192047644006,1.15944372985488,-0.6690588208370069,2
0.7689415456731726,-0.31113764785962583,-0.277999484765713,-0.6337607500319165,-0.04007227808054335,-0.05700584415966284,0.4537116551836217,0.5298524848567288,0.539331407125118,-0.31590464666929335,1
0.2663498247740118,-0.8224405158422775,3.051241308501409,0.9292313467457832,0.9682492597835647,-0.5462416865898835,-0.21873390536865436,-1.2004876588939852,-0.7008932383344062,1.2026583022518746,1
0.2663498247740118,1.734073824070981,-0.277999484765713,-0.6916493462088682,4.889499684810652,-0.5462416865898835,0.5148430697792832,0.9784591887920991,0.8838382530860969,1.5204970590028168,1
1.0704965782126692,-0.31113764785962583,-0.277999484765713,0.23456819262236114,-0.8243223630859606,0.3235109221749532,1.1872886303315593,1.3629792207367022,1.3661478374314675,-0.5631125685866928,1
0.46738651313367613,-0.8224405158422775,4.715861705134969,0.5818997696840722,-0.04007227808054335,0.05171323193594174,0.14805458220531442,-0.5596209389863135,-0.08078091560464408,1.9795974854208442,2
-1.2414253379234708,0.7114680881056774,-0.277999484765713,0.5240111735071203,0.6321420804955284,-0.5462416865898835,-0.8300480513252689,-0.8800542989401494,-0.7697946075266019,0.6729270410003043,1
0.16583148059417963,1.9897252580623066,-0.277999484765713,-1.2705353079783865,1.3043564390716005,-0.5462416865898835,0.3314488259922988,0.6580258288382632,0.6082327763173138,-0.31590464666929335,1
0.6684232014933404,-0.8224405158422775,-0.277999484765713,0.7555655582149277,-0.04007227808054335,-0.5462416865898835,0.27031741139663734,-0.04692756306017591,0.33262729954853065,0.2844574494158195,1
-0.33676024030498125,-0.5667890818509517,-0.277999484765713,-0.3443177691471572,-0.60025091022727,0.16043230803154632,-0.09647107617733143,0.017159108930591284,-0.08078091560464408,-0.5984279860034641,1
-0.03520520776548472,-0.8224405158422775,-0.277999484765713,-0.5758721538549646,-0.26414373093923393,-0.5462416865898835,0.14805458220531442,0.08124578092135848,0.1259231919719433,-0.24527381183575067,1
-0.33676024030498125,1.478422390079655,-0.277999484765713,1.1028971352766388,-0.15210800450988876,-0.5462416865898835,-0.03533966158166997,0.08124578092135848,-0.011879546412448292,-0.5984279860034641,1
0.969978234032837,-0.8224405158422775,-0.277999484765713,1.1607857314535905,-1.0483938159446513,1.3019826070353946,0.8205001427575905,0.7221125008290303,0.7460355147017054,-0.5631125685866928,2
-0.33676024030498125,1.478422390079655,-0.277999484765713,0.23456819262236114,0.18399917477814723,-0.5462416865898835,-0.4632595637513002,0.017159108930591284,-0.08078091560464408,0.7082424584170757,1
1.2715332665723336,-0.8224405158422775,-0.277999484765713,0.17667959644540931,-0.8243223630859606,1.1389039928919875,1.3706828741185437,1.298892548745935,1.2972464682392717,-0.49248173375315013,1
-1.2414253379234708,0.4558166541143516,-0.277999484765713,0.5240111735071203,0.5201063540661832,-0.5462416865898835,-0.8300480513252689,-0.9441409709309165,-0.9075973459109935,0.637611623583533,1
-0.6383152728444778,0.9671195220970032,-0.277999484765713,0.060902404091505644,-0.26414373093923393,-0.4375226104942789,-0.2798653199643158,-0.1751009070417103,-0.2874850231812314,-0.4218508989196074,1
-0.9398703053839742,-0.8224405158422775,-0.277999484765713,2.2606690588156755,-1.0483938159446513,0.2147918460793486,-0.707785222133946,-0.5596209389863135,-0.7697946075266019,-0.6690588208370069,3
-0.03520520776548472,-0.8224405158422775,3.051241308501409,0.7555655582149277,1.864535071218327,-0.5462416865898835,-0.7689166367296075,-2.418134426718562,-2.2856247297549093,2.156174572504701,3
1.0704965782126692,-0.8224405158422775,-0.277999484765713,0.7555655582149277,-0.8243223630859606,-0.16572492025526742,0.39258024058796026,0.9143725168013319,0.7460355147017054,-0.31590464666929335,2
-0.03520520776548472,-0.8224405158422775,-0.277999484765713,1.334451519984446,1.5284278919302914,-0.32880353439867427,-0.21873390536865436,-0.3032742510232447,-0.21858365398903565,-0.6337434034202355,1
0.8694598898530048,0.2001652201230258,-0.277999484765713,-0.8653151347397238,0.5201063540661832,-0.5462416865898835,1.1872886303315593,-0.1110142350509431,0.26372593035633485,3.3922141820916982,1
-1.0403886495638064,-0.05548621386830003,-0.277999484765713,0.4661225773301685,-0.7122866366566154,-0.5462416865898835,-0.5243909783469617,-0.36736092301401185,-0.5630904999500146,-0.5631125685866928,1
-1.945053747182296,0.4558166541143516,-0.277999484765713,-1.3284239041553385,2.0886065240770177,-0.5462416865898835,-1.257967953494899,-1.2645743308847526,-1.4588082994485598,0.0019341100816487541,1
0.36686816895384394,1.478422390079655,-0.277999484765713,0.5818997696840722,-0.15210800450988876,-0.5462416865898835,0.5148430697792832,0.593939156847496,0.4704300379329222,-0.38653548150283606,1
-0.33676024030498125,-0.8224405158422775,-0.277999484765713,0.6976769620379758,-1.0483938159446513,1.3019826070353946,-0.5243909783469617,-0.1751009070417103,-0.35638639237342723,-0.5631125685866928,1
-0.6383152728444778,0.4558166541143516,-0.277999484765713,-0.8653151347397238,-0.26414373093923393,-0.5462416865898835,-0.6466538075382846,0.14533245291212565,-0.21858365398903565,0.14319577974873415,1
1.1710149223925013,0.2001652201230258,-0.277999484765713,0.4661225773301685,-0.8243223630859606,-0.11136538220746513,0.6982373135662676,0.9784591887920991,0.8838382530860969,-0.6337434034202355,1
1.673606643291662,-0.8224405158422775,-0.277999484765713,2.1448918664617715,-1.1604295423739965,1.1932635309397899,0.759368728161929,0.9784591887920991,0.8838382530860969,-0.6337434034202355,3
0.46738651313367613,2.756679560036284,-0.277999484765713,0.17667959644540931,-0.04007227808054335,-0.5462416865898835,0.5759744843749447,0.7221125008290303,0.6771341455095096,-0.280589229252522,1
0.2663498247740118,-0.8224405158422775,-0.277999484765713,1.1607857314535905,0.6321420804955284,-0.5462416865898835,-0.1576024907729929,-0.1751009070417103,-0.14968228479683987,-0.5984279860034641,1
-0.03520520776548472,1.2227709560883293,-0.277999484765713,-1.3284239041553385,0.8562135333542192,-0.5462416865898835,0.3314488259922988,-0.431447595004779,-0.011879546412448292,1.7677049809202163,1
-0.4372785844848134,-0.8224405158422775,3.051241308501409,1.1028971352766388,2.0886065240770177,-0.5462416865898835,-1.9915449286428368,-3.3794345065800697,-2.078920622178322,-0.31590464666929335,3
-1.0403886495638064,-0.8224405158422775,-0.277999484765713,1.5081173085153015,-1.1604295423739965,3.3676450528518815,-0.8911794659209304,-0.6877942829678478,-0.9075973459109935,-0.6337434034202355,3
0.7689415456731726,0.2001652201230258,-0.277999484765713,0.639788365861024,-0.8243223630859606,-0.5462416865898835,0.9427629719489135,1.1707192047644006,1.15944372985488,-0.5277971511699214,1
-0.7388336170243099,-0.5667890818509517,-0.277999484765713,-0.74953794238582,-0.48821518379792467,-0.38316307244647657,-0.707785222133946,-0.431447595004779,-0.6319918691422104,-0.5277971511699214,1
-0.7388336170243099,-0.8224405158422775,-0.277999484765713,-1.502089692686194,0.18399917477814723,-0.5462416865898835,-0.5243909783469617,-0.431447595004779,-0.5630904999500146,-0.6337434034202355,1
1.0704965782126692,0.7114680881056774,-0.277999484765713,-0.4600949615010609,-0.3761794573685794,-0.274443996350872,1.1872886303315593,1.4270658927274695,1.2972464682392717,-0.5277971511699214,1
0.2663498247740118,0.7114680881056774,-0.277999484765713,-0.22854057679325354,-0.7122866366566154,-0.4918821485420812,0.4537116551836217,0.593939156847496,0.539331407125118,-0.5984279860034641,1
0.7689415456731726,-0.5667890818509517,-0.277999484765713,1.1607857314535905,-1.0483938159446513,-0.5462416865898835,0.759368728161929,0.7861991728197976,0.7460355147017054,-0.6337434034202355,1
-0.8393519612041421,3.01233099402761,-0.277999484765713,-1.4442010965092422,0.8562135333542192,-0.5462416865898835,-0.21873390536865436,0.08124578092135848,-0.011879546412448292,-0.10401214216866529,1
-0.8393519612041421,-0.8224405158422775,-0.277999484765713,1.0450085390996868,-0.26414373093923393,-0.5462416865898835,-1.3190993680905607,-1.5209210188478213,-1.5966110378329514,-0.3512200640860647,1
1.2715332665723336,-0.5667890818509517,-0.277999484765713,-0.28642917297020537,-0.3761794573685794,1.3563421450831967,1.1872886303315593,1.0425458607828664,1.228345099047076,-0.06869672475189394,1
1.0704965782126692,-0.05548621386830003,1.386620911867848,1.1028971352766388,2.3126779769357078,-0.5462416865898835,0.20918599680097588,-1.5850076908385884,0.6082327763173138,2.474013329255643,1
-1.0403886495638064,0.4558166541143516,-0.277999484765713,-0.6916493462088682,-0.48821518379792467,0.16043230803154632,-0.707785222133946,-0.431447595004779,-0.7697946075266019,-0.5631125685866928,1
-0.23624189612514906,1.734073824070981,-0.277999484765713,0.4082339811532167,0.07196344834880182,-0.5462416865898835,0.8205001427575905,0.5298524848567288,0.6082327763173138,0.0372495274984201,1
-0.03520520776548472,-0.05548621386830003,-0.277999484765713,-1.096869519447531,0.29603490120749265,-0.5462416865898835,0.20918599680097588,0.017159108930591284,0.1259231919719433,0.2491420319990482,1
0.06531313641434745,0.2001652201230258,6.38048210176853,0.9871199429227351,0.6321420804955284,-0.5462416865898835,-3.0307789767690814,-1.9695277227831915,-2.2167233605627135,3.18032167759107,3
-0.03520520776548472,-0.8224405158422775,-0.277999484765713,0.35034538497626483,-0.7122866366566154,-0.4375226104942789,-0.09647107617733143,0.08124578092135848,-0.011879546412448292,-0.6337434034202355,1
1.8746433316513265,-0.8224405158422775,-0.277999484765713,0.639788365861024,-0.936358089515306,2.6609710582304515,1.309551459522882,1.298892548745935,1.3661478374314675,-0.5277971511699214,1
0.06531313641434745,1.478422390079655,-0.277999484765713,0.7555655582149277,-0.26414373093923393,-0.5462416865898835,0.8205001427575905,0.6580258288382632,0.8838382530860969,0.6729270410003043,1
0.46738651313367613,2.2453766920536324,-0.277999484765713,0.17667959644540931,-0.15210800450988876,-0.5462416865898835,0.6371058989706061,0.7221125008290303,0.6771341455095096,-0.280589229252522,1
0.2663498247740118,-0.31113764785962583,-0.277999484765713,-0.11276338443934987,-0.8243223630859606,2.0630161397046267,0.20918599680097588,0.4016791408751944,0.26372593035633485,-0.6690588208370069,1
-1.1409069937436387,-0.31113764785962583,1.386620911867848,-0.9232037309166756,-0.15210800450988876,-0.4918821485420812,-1.0745737097079149,-1.0082276429216839,-1.045400084295385,-0.3512200640860647,1
-0.8393519612041421,0.2001652201230258,-0.277999484765713,-0.9232037309166756,-0.04007227808054335,-0.5462416865898835,-0.707785222133946,-0.23918757903247748,-0.42528776156562303,-0.3512200640860647,1
-0.4372785844848134,-0.8224405158422775,1.386620911867848,1.0450085390996868,1.416392165500946,-0.5462416865898835,-1.9915449286428368,-2.802654458663165,-1.734413776217343,-0.20995839441897932,3
-0.03520520776548472,-0.5667890818509517,4.715861705134969,0.8134541543918795,1.416392165500946,-0.5462416865898835,-0.7689166367296075,-2.482221098709329,-2.4923288373314967,3.145006260174299,3
-0.33676024030498125,1.2227709560883293,-0.277999484765713,-0.22854057679325354,-0.3761794573685794,-0.5462416865898835,-0.2798653199643158,0.46576581286596164,0.26372593035633485,-0.06869672475189394,1
-1.1409069937436387,-0.8224405158422775,-0.277999484765713,-1.6757554812170494,0.6321420804955284,-0.5462416865898835,-0.707785222133946,-1.1364009869032181,-1.1832028226797766,0.0019341100816487541,1
-1.4424620262831351,-0.05548621386830003,-0.277999484765713,-1.2126467118014348,0.07196344834880182,0.7040276885095692,-0.707785222133946,-0.751880954958615,-0.8386959767187977,-0.4218508989196074,1
0.16583148059417963,1.9897252580623066,-0.277999484765713,0.7555655582149277,-0.48821518379792467,-0.5462416865898835,0.6371058989706061,0.593939156847496,0.539331407125118,-0.4571663163363788,1
-0.8393519612041421,-0.05548621386830003,-0.277999484765713,-1.4442010965092422,0.6321420804955284,-0.5462416865898835,-0.34099673455997725,-0.3032742510232447,-0.35638639237342723,-0.4571663163363788,1
1.472569954931998,0.4558166541143516,-0.277999484765713,-0.402206365324109,-0.48821518379792467,-0.5462416865898835,0.9427629719489135,1.298892548745935,1.228345099047076,-0.5277971511699214,1
1.472569954931998,-0.8224405158422775,-0.277999484765713,-0.3443177691471572,-0.3761794573685794,-0.274443996350872,1.1872886303315593,1.298892548745935,1.3661478374314675,-0.5984279860034641,2
0.6684232014933404,0.2001652201230258,-0.277999484765713,0.9292313467457832,-0.15210800450988876,-0.5462416865898835,0.5759744843749447,0.14533245291212565,0.33262729954853065,0.21382661458227684,1
-1.3419436821033028,0.7114680881056774,-0.277999484765713,-0.6916493462088682,0.18399917477814723,-0.5462416865898835,1.4318142887142051,0.46576581286596164,0.057021822779747496,1.8030203983369877,1
-0.03520520776548472,-0.8224405158422775,3.051241308501409,0.7555655582149277,1.9765707976476725,-0.5462416865898835,-2.7251219037907743,-2.354047754727795,-2.1478219913705177,1.34391997191896,3
-0.23624189612514906,0.2001652201230258,1.386620911867848,0.7555655582149277,0.8562135333542192,-0.5462416865898835,-0.2798653199643158,-0.49553426699554626,-0.42528776156562303,0.07256494491519144,1
-1.1409069937436387,-0.8224405158422775,-0.277999484765713,-1.9651984621018086,1.864535071218327,-0.5462416865898835,-1.6858878556645294,-1.5850076908385884,-1.734413776217343,-0.10401214216866529,1
1.673606643291662,-0.8224405158422775,-0.277999484765713,0.8134541543918795,-0.936358089515306,1.6281398353222083,1.0038943865445749,1.1066325327736335,1.0905423606626843,-0.6337434034202355,2
0.6684232014933404,0.7114680881056774,-0.277999484765713,-0.3443177691471572,0.4080706276368378,-0.5462416865898835,1.309551459522882,0.9143725168013319,1.0905423606626843,0.3904037016661336,1
1.673606643291662,-0.8224405158422775,-0.277999484765713,1.6817830970461571,-1.272465268803342,1.7912184494656151,1.0038943865445749,1.1707192047644006,1.15944372985488,-0.6337434034202355,2
-0.7388336170243099,1.478422390079655,-0.277999484765713,-1.3863125003322903,0.18399917477814723,-0.5462416865898835,-0.09647107617733143,0.14533245291212565,0.057021822779747496,-0.5631125685866928,1
-0.9398703053839742,0.4558166541143516,-0.277999484765713,-0.054874788262398035,-0.60025091022727,-0.5462416865898835,-0.5243909783469617,-0.3032742510232447,-0.4941891307578188,-0.5984279860034641,1
-0.33676024030498125,0.9671195220970032,-0.277999484765713,1.392340116161398,-0.7122866366566154,-0.274443996350872,0.08692316760965295,0.27350579689366006,0.1259231919719433,-0.5631125685866928,1
0.36686816895384394,1.9897252580623066,-0.277999484765713,0.5818997696840722,0.29603490120749265,-0.5462416865898835,0.6371058989706061,0.7221125008290303,1.3661478374314675,0.8141887106673897,1
-1.1409069937436387,-0.31113764785962583,-0.277999484765713,-1.7915326735709531,2.3126779769357078,-0.5462416865898835,-0.7689166367296075,-0.9441409709309165,-0.9764987151031893,0.21382661458227684,1
0.6684232014933404,-0.8224405158422775,1.386620911867848,0.9871199429227351,-0.04007227808054335,-0.5462416865898835,0.08692316760965295,-0.431447595004779,-0.35638639237342723,0.07256494491519144,1
-1.1409069937436387,-0.8224405158422775,-0.277999484765713,2.1448918664617715,-0.936358089515306,-0.274443996350872,-0.9523108805165919,-0.8159676269493822,-1.045400084295385,-0.5631125685866928,3
0.16583148059417963,1.2227709560883293,-0.277999484765713,-1.2126467118014348,0.29603490120749265,-0.5462416865898835,0.20918599680097588,0.20941912490289286,0.19482456116413907,-0.10401214216866529,1
0.16583148059417963,0.9671195220970032,-0.277999484765713,0.8713427505688314,-0.48821518379792467,-0.4918821485420812,0.6371058989706061,0.46576581286596164,0.539331407125118,-0.38653548150283606,1
-0.03520520776548472,0.9671195220970032,-0.277999484765713,-1.7336440773940014,1.192320712642255,-0.5462416865898835,-0.707785222133946,0.14533245291212565,-0.011879546412448292,1.4851816415860455,1
0.7689415456731726,0.7114680881056774,-0.277999484765713,-0.28642917297020537,0.5201063540661832,-0.5462416865898835,0.9427629719489135,1.0425458607828664,0.9527396222782927,-0.174642977002208,1
0.36686816895384394,2.5010281260449583,-0.277999484765713,0.4082339811532167,1.6404636183596362,-0.5462416865898835,1.6152085325011896,0.4016791408751944,1.848457421776838,1.0260812151680179,1
-0.6383152728444778,0.9671195220970032,-0.277999484765713,-1.9073098659248569,2.200642250506363,-0.5462416865898835,-0.5243909783469617,-0.6237076109770806,-0.5630904999500146,0.9201349629177038,1
-0.5377969286646456,0.2001652201230258,1.386620911867848,-1.0389809232705793,0.29603490120749265,-0.5462416865898835,-0.2798653199643158,-0.36736092301401185,-0.35638639237342723,0.2844574494158195,1
1.2715332665723336,-0.8224405158422775,-0.277999484765713,-0.9810923270936274,-0.26414373093923393,-0.5462416865898835,0.5759744843749447,0.5298524848567288,0.6082327763173138,-0.49248173375315013,1
-0.33676024030498125,-0.8224405158422775,3.051241308501409,1.1028971352766388,1.192320712642255,-0.5462416865898835,-4.7424585854476025,-3.82804121051544,-2.078920622178322,6.040870488349549,3
0.2663498247740118,-0.5667890818509517,-0.277999484765713,-0.054874788262398035,-0.8243223630859606,1.7912184494656151,0.20918599680097588,0.4016791408751944,0.26372593035633485,-0.6690588208370069,1
0.06531313641434745,0.2001652201230258,-0.277999484765713,1.0450085390996868,1.0802849862129096,-0.5462416865898835,0.02579175301399149,-0.36736092301401185,0.1259231919719433,-0.5631125685866928,1
-0.33676024030498125,0.9671195220970032,-0.277999484765713,1.1607857314535905,-0.48821518379792467,-0.5462416865898835,-0.03533966158166997,0.20941912490289286,0.057021822779747496,-0.5277971511699214,1
-1.3419436821033028,-0.8224405158422775,-0.277999484765713,0.17667959644540931,-0.7122866366566154,0.8671063026529761,-0.7689166367296075,-0.751880954958615,-0.9075973459109935,-0.6337434034202355,1
0.7689415456731726,-0.8224405158422775,-0.277999484765713,1.6238945008692052,-1.1604295423739965,2.117375677752429,0.3314488259922988,0.4016791408751944,0.33262729954853065,-0.6690588208370069,2
-0.5377969286646456,-0.8224405158422775,3.051241308501409,1.1028971352766388,1.7524993447889816,-0.5462416865898835,-2.11380775783416,-3.2512611625985355,-1.9411178837939302,0.0372495274984201,3
0.969978234032837,-0.8224405158422775,-0.277999484765713,1.1028971352766388,-1.0483938159446513,-0.274443996350872,0.39258024058796026,0.593939156847496,0.4704300379329222,-0.6337434034202355,1
-0.6383152728444778,-0.8224405158422775,-0.277999484765713,-1.502089692686194,0.4080706276368378,-0.5462416865898835,-0.5855223929426231,-0.3032742510232447,-0.4941891307578188,-0.5984279860034641,1
-0.33676024030498125,1.2227709560883293,-0.277999484765713,0.23456819262236114,0.29603490120749265,-0.5462416865898835,0.39258024058796026,0.20941912490289286,0.33262729954853065,0.6729270410003043,1
-0.5377969286646456,0.9671195220970032,1.386620911867848,-1.502089692686194,1.0802849862129096,-0.5462416865898835,0.3314488259922988,-0.5596209389863135,-0.21858365398903565,2.0149129028376156,1
1.472569954931998,-0.05548621386830003,-0.277999484765713,-0.1706519806163017,-0.7122866366566154,-0.22008445830306972,1.0650258011402363,1.298892548745935,1.228345099047076,-0.6337434034202355,1
1.472569954931998,-0.8224405158422775,-0.277999484765713,0.4661225773301685,-0.8243223630859606,0.16043230803154632,0.8205001427575905,1.1066325327736335,1.0216409914704885,-0.6337434034202355,1
1.1710149223925013,-0.8224405158422775,-0.277999484765713,1.1028971352766388,-1.0483938159446513,-0.05700584415966284,0.6371058989706061,0.8502858448105648,0.7460355147017054,-0.6690588208370069,2
0.5679048573135083,2.2453766920536324,-0.277999484765713,0.35034538497626483,0.07196344834880182,-0.5462416865898835,0.39258024058796026,1.1707192047644006,0.9527396222782927,0.9907657977512465,1
-1.0403886495638064,-0.8224405158422775,-0.277999484765713,1.6817830970461571,-1.272465268803342,4.074319047473311,-0.8911794659209304,-0.8159676269493822,-0.9764987151031893,-0.6690588208370069,3
0.2663498247740118,-0.5667890818509517,-0.277999484765713,-0.5758721538549646,-0.48821518379792467,-0.5462416865898835,0.02579175301399149,0.27350579689366006,0.1259231919719433,-0.5984279860034641,1
-0.33676024030498125,1.2227709560883293,-0.277999484765713,1.1607857314535905,-0.48821518379792467,-0.5462416865898835,-0.03533966158166997,0.14533245291212565,0.057021822779747496,-0.5631125685866928,1
0.6684232014933404,0.7114680881056774,-0.277999484765713,-0.5179835576780127,4.553392505522615,-0.5462416865898835,0.6371058989706061,0.8502858448105648,0.8838382530860969,0.8495041280841611,1
-0.03520520776548472,-0.5667890818509517,4.715861705134969,0.8713427505688314,0.9682492597835647,-0.5462416865898835,-0.7689166367296075,-2.2258744107462602,-2.078920622178322,3.3568987646749266,3
-0.7388336170243099,-0.8224405158422775,-0.277999484765713,-0.74953794238582,-0.48821518379792467,-0.5462416865898835,-0.2798653199643158,-0.1751009070417103,-0.2874850231812314,-0.5984279860034641,1
-1.3419436821033028,1.478422390079655,-0.277999484765713,-0.6337607500319165,0.5201063540661832,-0.5462416865898835,1.554077117905528,1.1066325327736335,1.503950575815859,0.8141887106673897,1
0.46738651313367613,2.756679560036284,-0.277999484765713,0.23456819262236114,-0.26414373093923393,-0.5462416865898835,0.6371058989706061,0.8502858448105648,0.7460355147017054,-0.4571663163363788,1
0.06531313641434745,1.9897252580623066,-0.277999484765713,0.5240111735071203,0.07196344834880182,-0.5462416865898835,0.8205001427575905,1.1066325327736335,1.503950575815859,0.8848195455009324,1
-0.8393519612041421,-0.8224405158422775,-0.277999484765713,0.8713427505688314,0.6321420804955284,-0.5462416865898835,-0.4632595637513002,-1.072314314912451,-0.7697946075266019,0.21382661458227684,1
-1.3419436821033028,-0.8224405158422775,-0.277999484765713,0.11879100026845747,-0.48821518379792467,-0.32880353439867427,-0.9523108805165919,-0.9441409709309165,-1.1143014534875808,-0.5631125685866928,1
1.57308829911183,-0.31113764785962583,-0.277999484765713,0.23456819262236114,-0.3761794573685794,-0.11136538220746513,0.8205001427575905,1.1707192047644006,1.0905423606626843,-0.4218508989196074,1
0.46738651313367613,-0.8224405158422775,3.051241308501409,0.7555655582149277,1.416392165500946,-0.5462416865898835,-1.257967953494899,-2.289961082737028,-1.4588082994485598,2.156174572504701,3
-1.2414253379234708,-0.8224405158422775,3.051241308501409,-1.3284239041553385,0.18399917477814723,-0.5462416865898835,-0.8911794659209304,-1.8413543788016573,-2.078920622178322,1.2026583022518746,1
1.673606643291662,-0.8224405158422775,-0.277999484765713,1.6817830970461571,-1.1604295423739965,1.1389039928919875,1.0038943865445749,1.1707192047644006,1.15944372985488,-0.6690588208370069,2
-0.03520520776548472,-0.8224405158422775,-0.277999484765713,-0.5758721538549646,-0.04007227808054335,-0.32880353439867427,-0.09647107617733143,-0.3032742510232447,-0.14968228479683987,0.17851119716550548,1
-0.6383152728444778,-0.8224405158422775,-0.277999484765713,1.1028971352766388,-0.60025091022727,2.6066115201826494,-0.8911794659209304,-0.6237076109770806,-0.7697946075266019,-0.6337434034202355,1
0.46738651313367613,-0.8224405158422775,3.051241308501409,0.7555655582149277,-0.3761794573685794,-0.11136538220746513,0.27031741139663734,-0.3032742510232447,0.1259231919719433,1.4851816415860455,2
0.969978234032837,-0.8224405158422775,-0.277999484765713,1.2765629238074943,-1.1604295423739965,-0.22008445830306972,0.4537116551836217,0.593939156847496,0.539331407125118,-0.6337434034202355,1
-1.2414253379234708,0.2001652201230258,-0.277999484765713,-0.74953794238582,-0.26414373093923393,-0.5462416865898835,-0.6466538075382846,-0.751880954958615,-0.8386959767187977,0.35508828424936223,1
1.0704965782126692,-0.8224405158422775,-0.277999484765713,2.1448918664617715,-1.1604295423739965,1.3019826070353946,0.39258024058796026,0.5298524848567288,0.4704300379329222,-0.6690588208370069,3
-0.13572355194531688,1.2227709560883293,-0.277999484765713,-1.5599782888631457,0.8562135333542192,-0.5462416865898835,0.20918599680097588,0.08124578092135848,0.1259231919719433,0.17851119716550548,1
0.46738651313367613,-0.5667890818509517,-0.277999484765713,-0.22854057679325354,-0.26414373093923393,0.5409490743661624,1.4929457033098665,1.298892548745935,1.4350492066236633,-0.38653548150283606,2
-0.6383152728444778,1.734073824070981,-0.277999484765713,-1.4442010965092422,0.29603490120749265,-0.5462416865898835,0.14805458220531442,0.593939156847496,0.539331407125118,0.21382661458227684,1
-0.8393519612041421,-0.05548621386830003,-0.277999484765713,-0.8653151347397238,-0.3761794573685794,-0.16572492025526742,-0.707785222133946,-0.5596209389863135,-0.7008932383344062,-0.5631125685866928,1
1.2715332665723336,1.478422390079655,-0.277999484765713,-0.3443177691471572,0.6321420804955284,-0.5462416865898835,1.0038943865445749,1.1066325327736335,1.15944372985488,-0.033381307335122595,1
0.969978234032837,0.4558166541143516,-0.277999484765713,0.17667959644540931,-0.15210800450988876,-0.16572492025526742,0.5148430697792832,0.7861991728197976,0.6771341455095096,-0.31590464666929335,1
-0.4372785844848134,-0.8224405158422775,-0.277999484765713,0.003013807914553804,-0.26414373093923393,-0.22008445830306972,-0.4021281491556387,-0.3032742510232447,-0.42528776156562303,-0.4218508989196074,1
1.57308829911183,-0.8224405158422775,-0.277999484765713,0.9292313467457832,-1.0483938159446513,2.9871282865172653,0.9427629719489135,1.1707192047644006,1.15944372985488,-0.6690588208370069,2
-0.23624189612514906,1.478422390079655,-0.277999484765713,-1.2705353079783865,0.07196344834880182,-0.5462416865898835,-0.09647107617733143,0.593939156847496,0.4015286687407264,-0.06869672475189394,1
1.1710149223925013,-0.05548621386830003,-0.277999484765713,0.11879100026845747,-0.8243223630859606,-0.5462416865898835,1.0038943865445749,1.4270658927274695,1.3661478374314675,-0.5277971511699214,1
-0.33676024030498125,1.2227709560883293,-0.277999484765713,0.29245678879931297,0.4080706276368378,-0.5462416865898835,-0.1576024907729929,-0.04692756306017591,-0.08078091560464408,1.0260812151680179,1
0.2663498247740118,-0.31113764785962583,-0.277999484765713,-0.22854057679325354,-0.7122866366566154,1.573780297274406,0.20918599680097588,0.33759246888442723,0.26372593035633485,-0.6690588208370069,1
0.46738651313367613,-0.05548621386830003,-0.277999484765713,0.23456819262236114,1.0802849862129096,-0.5462416865898835,0.02579175301399149,-0.23918757903247748,0.057021822779747496,0.7788732932506184,1
-1.5429803704629672,0.4558166541143516,-0.277999484765713,-0.3443177691471572,1.3043564390716005,-0.5462416865898835,-0.8911794659209304,-0.8159676269493822,-0.9764987151031893,0.0019341100816487541,1
1.2715332665723336,-0.8224405158422775,-0.277999484765713,1.5660059046922534,-0.936358089515306,2.6609710582304515,0.5759744843749447,0.7861991728197976,0.6771341455095096,-0.5984279860034641,2
-0.8393519612041421,-0.8224405158422775,1.386620911867848,1.0450085390996868,-0.3761794573685794,-0.5462416865898835,-1.3190993680905607,-1.5209210188478213,-1.5966110378329514,-0.31590464666929335,1
1.673606643291662,-0.8224405158422775,-0.277999484765713,1.334451519984446,0.07196344834880182,2.0630161397046267,1.0038943865445749,0.7861991728197976,1.15944372985488,1.237973719668646,2
-1.0403886495638064,0.7114680881056774,-0.277999484765713,-0.8074265385627719,-0.04007227808054335,-0.5462416865898835,-0.1576024907729929,-0.8159676269493822,-0.7697946075266019,0.7082424584170757,1
0.16583148059417963,-0.8224405158422775,-0.277999484765713,0.23456819262236114,-0.8243223630859606,-0.4375226104942789,0.02579175301399149,-0.04692756306017591,-0.08078091560464408,-0.5631125685866928,1
-1.3419436821033028,-0.8224405158422775,-0.277999484765713,0.5818997696840722,-0.8243223630859606,-0.5462416865898835,-0.7689166367296075,-0.751880954958615,-0.9764987151031893,-0.6337434034202355,1
1.57308829911183,-0.31113764785962583,-0.277999484765713,-0.5758721538549646,-0.26414373093923393,-0.002646306111860552,1.554077117905528,1.5552392367090038,1.7106546833924463,-0.4218508989196074,2
0.46738651313367613,-0.8224405158422775,-0.277999484765713,-0.1706519806163017,-0.8243223630859606,2.7696901343260563,0.20918599680097588,0.33759246888442723,0.26372593035633485,-0.6690588208370069,2
1.7741249874714944,1.734073824070981,-0.277999484765713,0.17667959644540931,-0.7122866366566154,-0.5462416865898835,1.4318142887142051,1.7474992526813053,1.7106546833924463,-0.5277971511699214,1
1.472569954931998,-0.8224405158422775,-0.277999484765713,0.11879100026845747,-0.8243223630859606,-0.4918821485420812,1.0650258011402363,1.234805876755168,1.228345099047076,-0.6690588208370069,1
0.06531313641434745,1.478422390079655,-0.277999484765713,0.5818997696840722,-0.15210800450988876,-0.5462416865898835,0.8205001427575905,0.8502858448105648,1.15944372985488,0.9907657977512465,1
-0.03520520776548472,-0.8224405158422775,-0.277999484765713,0.7555655582149277,0.9682492597835647,-0.5462416865898835,-0.1576024907729929,-0.6877942829678478,-0.42528776156562303,0.0019341100816487541,1
-0.4372785844848134,1.478422390079655,-0.277999484765713,-0.1706519806163017,-0.3761794573685794,-0.5462416865898835,0.759368728161929,0.4016791408751944,0.539331407125118,-0.033381307335122595,1
-0.23624189612514906,1.2227709560883293,-0.277999484765713,0.4082339811532167,0.29603490120749265,-0.5462416865898835,0.02579175301399149,0.27350579689366006,0.19482456116413907,-0.38653548150283606,1
-0.33676024030498125,1.478422390079655,-0.277999484765713,1.1607857314535905,-0.26414373093923393,-0.5462416865898835,-0.03533966158166997,0.08124578092135848,-0.011879546412448292,-0.5984279860034641,1
-0.7388336170243099,1.478422390079655,-0.277999484765713,-1.3284239041553385,0.18399917477814723,-0.5462416865898835,-0.09647107617733143,0.14533245291212565,-0.011879546412448292,-0.5631125685866928,1
-2.3471271239016245,-0.05548621386830003,-0.277999484765713,0.9871199429227351,0.4080706276368378,-0.5462416865898835,-1.8692820994515138,-2.033614394773959,-2.1478219913705177,0.5669807887499904,1
1.2715332665723336,0.7114680881056774,-0.277999484765713,-0.5758721538549646,-0.48821518379792467,-0.5462416865898835,1.0650258011402363,1.1066325327736335,1.0905423606626843,-0.5277971511699214,1
-0.4372785844848134,1.2227709560883293,-0.277999484765713,-0.5758721538549646,-0.04007227808054335,-0.5462416865898835,2.9600996536057416,1.0425458607828664,0.4015286687407264,5.581770061931522,1
-0.03520520776548472,-0.8224405158422775,-0.277999484765713,0.8713427505688314,0.9682492597835647,-0.5462416865898835,-0.2798653199643158,-0.751880954958615,-0.6319918691422104,-0.280589229252522,1
-1.3419436821033028,-0.8224405158422775,3.051241308501409,0.9871199429227351,-0.04007227808054335,-0.5462416865898835,-3.1530418059604046,-2.354047754727795,-2.6301315757158883,0.6729270410003043,3
0.8694598898530048,-0.5667890818509517,-0.277999484765713,-0.1706519806163017,-0.7122866366566154,1.6281398353222083,0.5759744843749447,0.7221125008290303,0.6771341455095096,-0.6690588208370069,1
0.46738651313367613,-0.5667890818509517,-0.277999484765713,-0.8653151347397238,2.0886065240770177,-0.5462416865898835,1.3706828741185437,1.4911525647182367,1.4350492066236633,-0.280589229252522,2
-0.4372785844848134,-0.05548621386830003,-0.277999484765713,0.29245678879931297,-0.7122866366566154,-0.5462416865898835,-0.2798653199643158,-0.04692756306017591,-0.2874850231812314,-0.5631125685866928,1
-1.0403886495638064,-0.8224405158422775,-0.277999484765713,0.7555655582149277,-0.8243223630859606,-0.5462416865898835,-0.7689166367296075,-0.6877942829678478,-0.8386959767187977,-0.5984279860034641,2
-0.13572355194531688,0.7114680881056774,-0.277999484765713,-1.7336440773940014,0.8562135333542192,-0.5462416865898835,0.20918599680097588,0.08124578092135848,0.1259231919719433,-0.24527381183575067,1
-0.4372785844848134,-0.8224405158422775,-0.277999484765713,-0.5179835576780127,-0.15210800450988876,-0.5462416865898835,-0.2798653199643158,-0.1751009070417103,-0.2874850231812314,-0.5984279860034641,1
-0.33676024030498125,-0.8224405158422775,4.715861705134969,1.9133374817539643,-1.1604295423739965,-0.5462416865898835,-1.8081506848558524,-0.751880954958615,-1.1143014534875808,0.7082424584170757,3
-1.1409069937436387,-0.8224405158422775,-0.277999484765713,-1.2705353079783865,0.07196344834880182,-0.38316307244647657,-0.707785222133946,-0.8159676269493822,-0.9764987151031893,-0.49248173375315013,1
-0.03520520776548472,-0.8224405158422775,-0.277999484765713,-1.5599782888631457,1.5284278919302914,-0.5462416865898835,-0.09647107617733143,-0.6877942829678478,-0.2874850231812314,1.4851816415860455,1
-2.7492005006209532,-0.8224405158422775,-0.277999484765713,0.9292313467457832,-0.8243223630859606,-0.5462416865898835,-1.5636250264732066,-1.6490943628293557,-1.8722165146017344,-0.5984279860034641,1
-0.13572355194531688,0.9671195220970032,-0.277999484765713,0.5240111735071203,1.7524993447889816,-0.5462416865898835,0.39258024058796026,-1.3286610028755197,0.057021822779747496,2.968429173090442,1
0.6684232014933404,-0.8224405158422775,4.715861705134969,0.8713427505688314,1.192320712642255,-0.4375226104942789,-0.4021281491556387,-0.751880954958615,-0.5630904999500146,-0.280589229252522,3
0.8694598898530048,0.7114680881056774,-0.277999484765713,-0.3443177691471572,-0.3761794573685794,-0.5462416865898835,0.5759744843749447,0.7861991728197976,0.7460355147017054,-0.5277971511699214,1
0.8694598898530048,-0.31113764785962583,-0.277999484765713,-0.28642917297020537,-0.3761794573685794,-0.5462416865898835,0.6371058989706061,0.7861991728197976,0.7460355147017054,-0.5984279860034641,1
0.36686816895384394,-0.8224405158422775,-0.277999484765713,0.6976769620379758,0.6321420804955284,-0.5462416865898835,0.08692316760965295,-0.1110142350509431,0.1259231919719433,-0.174642977002208,1
1.57308829911183,-0.8224405158422775,-0.277999484765713,0.8134541543918795,-1.0483938159446513,2.3891733679914404,1.0038943865445749,1.1707192047644006,1.15944372985488,-0.6690588208370069,2
0.36686816895384394,0.4558166541143516,-0.277999484765713,-0.6337607500319165,-0.48821518379792467,-0.5462416865898835,0.6371058989706061,0.8502858448105648,0.7460355147017054,-0.3512200640860647,1
-0.33676024030498125,0.9671195220970032,-0.277999484765713,1.392340116161398,-0.7122866366566154,-0.002646306111860552,0.08692316760965295,0.33759246888442723,0.19482456116413907,-0.5631125685866928,1
0.8694598898530048,-0.8224405158422775,-0.277999484765713,1.2765629238074943,-1.1604295423739965,1.573780297274406,0.27031741139663734,0.46576581286596164,0.33262729954853065,-0.6690588208370069,2
0.2663498247740118,-0.5667890818509517,-0.277999484765713,-0.28642917297020537,-0.60025091022727,-0.05700584415966284,0.08692316760965295,0.20941912490289286,0.1259231919719433,-0.5984279860034641,1
0.46738651313367613,3.01233099402761,-0.277999484765713,0.17667959644540931,-0.3761794573685794,-0.5462416865898835,0.5759744843749447,0.7861991728197976,0.6771341455095096,-0.4218508989196074,1
-1.1409069937436387,-0.8224405158422775,-0.277999484765713,-1.502089692686194,0.6321420804955284,-0.5462416865898835,-0.2798653199643158,-1.0082276429216839,-0.9764987151031893,0.6729270410003043,1
0.06531313641434745,1.2227709560883293,-0.277999484765713,0.7555655582149277,-0.04007227808054335,-0.5462416865898835,1.1261572157358979,0.20941912490289286,0.8838382530860969,2.8977983382568993,1
-1.4424620262831351,-0.5667890818509517,-0.277999484765713,-1.2126467118014348,-0.15210800450988876,-0.5462416865898835,-1.0745737097079149,-0.8159676269493822,-1.1143014534875808,-0.5631125685866928,1
-0.6383152728444778,-0.05548621386830003,-0.277999484765713,1.0450085390996868,-0.15210800450988876,1.954297063609022,-0.707785222133946,-0.5596209389863135,-0.7008932383344062,-0.6337434034202355,1
-0.33676024030498125,1.734073824070981,-0.277999484765713,0.11879100026845747,0.18399917477814723,-0.5462416865898835,0.759368728161929,0.4016791408751944,0.4704300379329222,1.0967120500015606,1
-0.23624189612514906,-0.8224405158422775,4.715861705134969,1.1607857314535905,0.4080706276368378,-0.5462416865898835,-1.0134422951122533,-1.2004876588939852,-1.2521041918719724,-0.13932755958543663,3
1.1710149223925013,0.2001652201230258,-0.277999484765713,0.4661225773301685,-0.8243223630859606,-0.11136538220746513,0.6982373135662676,0.9784591887920991,0.8838382530860969,-0.5984279860034641,1
0.46738651313367613,2.756679560036284,-0.277999484765713,0.23456819262236114,-0.3761794573685794,-0.5462416865898835,0.5759744843749447,0.8502858448105648,0.7460355147017054,-0.4571663163363788,1
0.46738651313367613,-0.8224405158422775,3.051241308501409,0.639788365861024,-0.26414373093923393,0.2691513841271509,0.20918599680097588,-0.1751009070417103,0.19482456116413907,0.9907657977512465,2
-0.4372785844848134,-0.8224405158422775,-0.277999484765713,0.639788365861024,2.872856609082435,-0.5462416865898835,-1.5024936118775452,-2.8667411306539323,-0.9764987151031893,0.3197728668325909,1
-1.4424620262831351,-0.8224405158422775,-0.277999484765713,-1.3284239041553385,0.07196344834880182,-0.5462416865898835,-0.7689166367296075,-0.6877942829678478,-0.8386959767187977,-0.5631125685866928,1
0.46738651313367613,2.5010281260449583,-0.277999484765713,0.23456819262236114,-0.15210800450988876,-0.5462416865898835,0.6371058989706061,0.7861991728197976,0.7460355147017054,-0.24527381183575067,1
-0.03520520776548472,-0.8224405158422775,3.051241308501409,0.7555655582149277,1.864535071218327,-0.5462416865898835,-0.7689166367296075,-2.5463077707000963,-2.423427468139301,2.5093287466724146,3
-0.23624189612514906,1.2227709560883293,-0.277999484765713,0.4661225773301685,1.0802849862129096,-0.5462416865898835,-0.4632595637513002,0.20941912490289286,0.19482456116413907,0.21382661458227684,1
1.673606643291662,-0.8224405158422775,-0.277999484765713,1.392340116161398,-1.0483938159446513,0.43222999827055775,0.8205001427575905,1.0425458607828664,0.9527396222782927,-0.6690588208370069,3
-1.0403886495638064,-0.8224405158422775,-0.277999484765713,1.334451519984446,-1.1604295423739965,3.258925976756277,-0.8911794659209304,-0.6877942829678478,-0.9075973459109935,-0.6337434034202355,3
1.3720516107521656,-0.05548621386830003,-0.277999484765713,-0.054874788262398035,-0.7122866366566154,1.954297063609022,1.1872886303315593,1.4270658927274695,1.4350492066236633,-0.6337434034202355,1
-0.13572355194531688,-0.8224405158422775,-0.277999484765713,-0.8653151347397238,-0.04007227808054335,-0.5462416865898835,-2.3583334162168055,-1.1364009869032181,-0.9075973459109935,1.4851816415860455,3
-0.13572355194531688,0.7114680881056774,-0.277999484765713,0.4661225773301685,-0.8243223630859606,0.3235109221749532,-0.2798653199643158,0.20941912490289286,0.057021822779747496,-0.4218508989196074,1
0.8694598898530048,-0.8224405158422775,-0.277999484765713,0.6976769620379758,-1.0483938159446513,1.1932635309397899,1.0650258011402363,1.1707192047644006,1.15944372985488,-0.6337434034202355,2
-1.8445354030024639,-0.05548621386830003,1.386620911867848,-1.3284239041553385,0.29603490120749265,-0.5462416865898835,-0.2798653199643158,-0.8159676269493822,-0.6319918691422104,0.9201349629177038,1
-1.2414253379234708,0.4558166541143516,-0.277999484765713,0.4661225773301685,0.07196344834880182,-0.5462416865898835,-0.8300480513252689,-0.49553426699554626,-0.7697946075266019,0.0019341100816487541,1
-0.23624189612514906,0.9671195220970032,-0.277999484765713,-0.28642917297020537,-0.48821518379792467,-0.5462416865898835,0.27031741139663734,0.08124578092135848,0.26372593035633485,0.17851119716550548,1
1.0704965782126692,-0.8224405158422775,-0.277999484765713,0.003013807914553804,-0.60025091022727,0.05171323193594174,0.9427629719489135,1.0425458607828664,0.9527396222782927,-0.5631125685866928,2
0.969978234032837,0.9671195220970032,-0.277999484765713,-0.1706519806163017,-0.04007227808054335,-0.5462416865898835,0.5148430697792832,0.7861991728197976,0.6771341455095096,-0.49248173375315013,1
-0.8393519612041421,-0.31113764785962583,-0.277999484765713,-1.6757554812170494,1.5284278919302914,-0.5462416865898835,-0.4021281491556387,-1.2645743308847526,-1.1832028226797766,1.8736512331705304,1
0.8694598898530048,-0.31113764785962583,-0.277999484765713,0.23456819262236114,-0.60025091022727,-0.05700584415966284,0.9427629719489135,0.9143725168013319,0.8838382530860969,-0.5277971511699214,2
0.8694598898530048,0.7114680881056774,-0.277999484765713,-0.28642917297020537,-0.3761794573685794,-0.5462416865898835,0.6371058989706061,0.8502858448105648,0.7460355147017054,-0.49248173375315013,1
-1.5429803704629672,-0.8224405158422775,-0.277999484765713,-1.502089692686194,0.18399917477814723,-0.5462416865898835,-0.8911794659209304,-1.072314314912451,-1.1832028226797766,-0.4571663163363788,1
-0.03520520776548472,-0.8224405158422775,-0.277999484765713,1.2765629238074943,1.864535071218327,-0.4918821485420812,-0.21873390536865436,-0.431447595004779,-0.2874850231812314,-0.5984279860034641,1
-1.4424620262831351,-0.05548621386830003,-0.277999484765713,-1.2705353079783865,-0.04007227808054335,-0.5462416865898835,-1.0745737097079149,-0.751880954958615,-1.045400084295385,-0.49248173375315013,1
-0.33676024030498125,-0.31113764785962583,-0.277999484765713,0.003013807914553804,-0.7122866366566154,1.0845444548441854,-0.03533966158166997,0.08124578092135848,-0.011879546412448292,-0.5984279860034641,1
-1.2414253379234708,-0.8224405158422775,-0.277999484765713,-1.096869519447531,0.07196344834880182,-0.5462416865898835,-1.4413621972818835,-1.4568343468570542,-1.5277096686407556,0.07256494491519144,1
1.0704965782126692,-0.05548621386830003,-0.277999484765713,0.060902404091505644,-0.7122866366566154,-0.22008445830306972,0.6371058989706061,0.9143725168013319,0.8149368838939012,-0.5631125685866928,1
-2.3471271239016245,-0.05548621386830003,-0.277999484765713,0.9292313467457832,1.192320712642255,-0.5462416865898835,-2.419464830812467,-2.161787738755493,-2.2856247297549093,1.4145508067525028,1
-0.03520520776548472,-0.05548621386830003,-0.277999484765713,-0.9810923270936274,0.18399917477814723,-0.5462416865898835,0.5759744843749447,0.14533245291212565,0.4015286687407264,0.743557875833847,1
0.6684232014933404,-0.8224405158422775,-0.277999484765713,0.8134541543918795,0.07196344834880182,-0.5462416865898835,0.27031741139663734,-0.6237076109770806,0.33262729954853065,0.14319577974873415,1
-0.03520520776548472,-0.8224405158422775,-0.277999484765713,1.7975602894000609,-0.60025091022727,2.6609710582304515,-0.09647107617733143,-0.04692756306017591,-0.14968228479683987,-0.6690588208370069,1
-0.33676024030498125,0.4558166541143516,-0.277999484765713,1.5081173085153015,-0.8243223630859606,-0.05700584415966284,0.08692316760965295,0.33759246888442723,0.19482456116413907,-0.5631125685866928,1
-1.945053747182296,-0.8224405158422775,-0.277999484765713,0.9871199429227351,-0.936358089515306,-0.5462416865898835,-1.3802307826862221,-1.3286610028755197,-1.5277096686407556,-0.6337434034202355,1
-0.5377969286646456,-0.8224405158422775,3.051241308501409,1.0450085390996868,1.3043564390716005,-0.5462416865898835,-2.052676343238498,-2.6103944426908634,-1.5966110378329514,0.3197728668325909,3
1.2715332665723336,-0.8224405158422775,-0.277999484765713,-1.1547581156244828,0.6321420804955284,0.2691513841271509,0.8205001427575905,0.33759246888442723,0.4704300379329222,0.42571911908290494,1
-1.0403886495638064,-0.8224405158422775,-0.277999484765713,1.5081173085153015,-1.1604295423739965,4.400476275760124,-0.8911794659209304,-0.6877942829678478,-0.9075973459109935,-0.6690588208370069,3
0.16583148059417963,1.2227709560883293,-0.277999484765713,-1.1547581156244828,0.07196344834880182,-0.5462416865898835,0.02579175301399149,0.33759246888442723,0.19482456116413907,-0.38653548150283606,1
-0.4372785844848134,-0.8224405158422775,3.051241308501409,1.0450085390996868,1.7524993447889816,-0.5462416865898835,-1.9915449286428368,-3.2512611625985355,-1.8722165146017344,-0.24527381183575067,3
-0.5377969286646456,-0.5667890818509517,-0.277999484765713,-0.5758721538549646,1.6404636183596362,-0.5462416865898835,-0.5243909783469617,-0.3032742510232447,-0.6319918691422104,0.637611623583533,1
-0.03520520776548472,-0.8224405158422775,-0.277999484765713,-1.0389809232705793,-0.04007227808054335,-0.5462416865898835,-0.21873390536865436,-0.04692756306017591,-0.14968228479683987,-0.5631125685866928,1
-1.3419436821033028,-0.05548621386830003,-0.277999484765713,-0.402206365324109,-0.3761794573685794,-0.5462416865898835,-0.8911794659209304,-0.1751009070417103,-0.7008932383344062,0.42571911908290494,1
0.6684232014933404,-0.8224405158422775,-0.277999484765713,0.7555655582149277,0.18399917477814723,-0.5462416865898835,0.27031741139663734,-0.6237076109770806,0.33262729954853065,0.2491420319990482,1
-1.1409069937436387,-0.8224405158422775,-0.277999484765713,-1.2705353079783865,-0.04007227808054335,-0.32880353439867427,-0.7689166367296075,-0.8159676269493822,-0.9764987151031893,-0.5631125685866928,1
-1.8445354030024639,0.9671195220970032,1.386620911867848,-1.7336440773940014,0.7441778069248738,-0.5462416865898835,-1.0745737097079149,-1.1364009869032181,-1.3210055610641682,-0.20995839441897932,1
0.06531313641434745,0.4558166541143516,-0.277999484765713,0.4661225773301685,-0.15210800450988876,-0.5462416865898835,0.759368728161929,0.7861991728197976,0.8838382530860969,0.1078803623319628,1
-0.6383152728444778,-0.8224405158422775,-0.277999484765713,0.7555655582149277,-0.8243223630859606,2.7696901343260563,-0.8911794659209304,-0.6877942829678478,-0.9075973459109935,-0.6690588208370069,1
0.46738651313367613,2.2453766920536324,-0.277999484765713,-0.5758721538549646,-0.15210800450988876,-0.5462416865898835,0.5148430697792832,0.7861991728197976,0.6771341455095096,-0.5277971511699214,1
0.8694598898530048,4.034936729992912,-0.277999484765713,-0.8653151347397238,1.0802849862129096,-0.5462416865898835,1.9819970200751582,1.4911525647182367,1.6417533142002505,0.637611623583533,1
-0.03520520776548472,1.734073824070981,-0.277999484765713,-0.8074265385627719,-0.15210800450988876,-0.5462416865898835,1.554077117905528,1.3629792207367022,1.5728519450080547,0.0019341100816487541,1
1.1710149223925013,-0.8224405158422775,-0.277999484765713,1.334451519984446,-1.1604295423739965,1.6281398353222083,0.5148430697792832,0.7221125008290303,0.6082327763173138,-0.6690588208370069,2
0.2663498247740118,0.4558166541143516,-0.277999484765713,-0.054874788262398035,-0.60025091022727,-0.4918821485420812,0.39258024058796026,0.5298524848567288,0.4704300379329222,-0.6337434034202355,1
0.36686816895384394,2.756679560036284,-0.277999484765713,0.5818997696840722,0.5201063540661832,-0.5462416865898835,0.5148430697792832,0.6580258288382632,1.5728519450080547,0.9554503803344752,1
-0.33676024030498125,-0.8224405158422775,-0.277999484765713,0.5240111735071203,-0.936358089515306,1.2476230689875922,-0.5243909783469617,-0.23918757903247748,-0.42528776156562303,-0.5984279860034641,1
-0.5377969286646456,-0.8224405158422775,-0.277999484765713,0.9871199429227351,0.9682492597835647,-0.5462416865898835,-0.5243909783469617,-1.072314314912451,-0.9075973459109935,-0.20995839441897932,1
1.3720516107521656,0.7114680881056774,-0.277999484765713,-0.1706519806163017,-0.7122866366566154,1.410701683130999,1.1872886303315593,1.4911525647182367,1.4350492066236633,-0.6337434034202355,1
-0.6383152728444778,1.734073824070981,-0.277999484765713,-0.74953794238582,-0.15210800450988876,-0.5462416865898835,-0.2798653199643158,0.27350579689366006,-0.21858365398903565,0.2491420319990482,1
-1.3419436821033028,-0.8224405158422775,3.051241308501409,0.9871199429227351,-0.26414373093923393,-0.5462416865898835,-3.1530418059604046,-2.289961082737028,-2.699032944908084,0.743557875833847,3
-0.03520520776548472,-0.8224405158422775,-0.277999484765713,0.9292313467457832,1.192320712642255,-0.5462416865898835,-0.2798653199643158,-0.6237076109770806,-0.4941891307578188,-0.38653548150283606,1
1.472569954931998,-0.8224405158422775,-0.277999484765713,0.9292313467457832,-1.0483938159446513,1.0845444548441854,0.759368728161929,0.9143725168013319,0.8838382530860969,-0.6337434034202355,2
0.16583148059417963,-0.05548621386830003,-0.277999484765713,-1.3284239041553385,0.18399917477814723,-0.5462416865898835,-0.09647107617733143,-0.04692756306017591,-0.14968228479683987,-0.3512200640860647,1
-0.5377969286646456,1.2227709560883293,-0.277999484765713,-0.28642917297020537,1.192320712642255,-0.5462416865898835,-0.2798653199643158,-0.3032742510232447,-0.35638639237342723,0.17851119716550548,1
-1.8445354030024639,1.2227709560883293,-0.277999484765713,-1.5599782888631457,0.4080706276368378,-0.5462416865898835,-1.4413621972818835,-1.072314314912451,-1.389906930256364,-0.31590464666929335,1
0.8694598898530048,-0.5667890818509517,-0.277999484765713,-1.2705353079783865,1.9765707976476725,-0.5462416865898835,0.3314488259922988,-0.36736092301401185,-0.08078091560464408,1.3086045545021887,1
0.2663498247740118,0.2001652201230258,-0.277999484765713,-0.28642917297020537,-0.7122866366566154,0.649668150461767,0.20918599680097588,0.4016791408751944,0.26372593035633485,-0.6337434034202355,1
-0.03520520776548472,0.4558166541143516,-0.277999484765713,1.0450085390996868,1.3043564390716005,-0.5462416865898835,0.02579175301399149,-0.49553426699554626,0.1259231919719433,-0.5631125685866928,1
0.06531313641434745,-0.8224405158422775,3.051241308501409,0.9871199429227351,0.18399917477814723,-0.5462416865898835,-0.03533966158166997,-1.0082276429216839,-0.9764987151031893,1.0967120500015606,3
-0.13572355194531688,1.478422390079655,-0.277999484765713,-0.8653151347397238,-0.04007227808054335,-0.5462416865898835,1.0650258011402363,0.7221125008290303,0.7460355147017054,-0.13932755958543663,1
1.0704965782126692,-0.05548621386830003,-0.277999484765713,-1.0389809232705793,0.07196344834880182,-0.5462416865898835,0.759368728161929,0.9143725168013319,0.8149368838939012,-0.3512200640860647,1
0.06531313641434745,-0.8224405158422775,-0.277999484765713,-0.5758721538549646,-0.26414373093923393,0.649668150461767,0.02579175301399149,-0.36736092301401185,-0.14968228479683987,0.42571911908290494,1
0.5679048573135083,0.7114680881056774,-0.277999484765713,0.4082339811532167,0.29603490120749265,-0.5462416865898835,1.4318142887142051,0.27350579689366006,0.4704300379329222,2.0855437376711583,1
-0.8393519612041421,0.2001652201230258,-0.277999484765713,-0.8074265385627719,-0.48821518379792467,-0.4375226104942789,-0.6466538075382846,-0.23918757903247748,-0.4941891307578188,-0.4571663163363788,1
-1.3419436821033028,-0.8224405158422775,-0.277999484765713,0.35034538497626483,-0.60025091022727,-0.5462416865898835,-0.7689166367296075,-0.8800542989401494,-0.9764987151031893,-0.49248173375315013,1
1.472569954931998,-0.8224405158422775,-0.277999484765713,1.0450085390996868,-1.0483938159446513,0.5409490743661624,1.1872886303315593,1.298892548745935,1.2972464682392717,-0.6337434034202355,2
1.2715332665723336,-0.8224405158422775,-0.277999484765713,1.0450085390996868,-1.0483938159446513,1.2476230689875922,0.759368728161929,0.9143725168013319,0.8838382530860969,-0.6337434034202355,2
0.2663498247740118,-0.5667890818509517,-0.277999484765713,-0.5758721538549646,-0.48821518379792467,-0.5462416865898835,0.02579175301399149,0.27350579689366006,0.19482456116413907,-0.5984279860034641,1
1.7741249874714944,-0.8224405158422775,-0.277999484765713,0.060902404091505644,-0.8243223630859606,3.150206900660672,1.309551459522882,1.4911525647182367,1.503950575815859,-0.6690588208370069,2
-0.33676024030498125,-0.8224405158422775,-0.277999484765713,1.7975602894000609,-1.272465268803342,4.019959509425509,-0.4021281491556387,-0.3032742510232447,-0.42528776156562303,-0.6337434034202355,3
-0.4372785844848134,-0.8224405158422775,4.715861705134969,1.1028971352766388,1.7524993447889816,-0.5462416865898835,-1.9915449286428368,-3.1871744906077684,-2.010019252986126,-0.280589229252522,3
-1.3419436821033028,1.2227709560883293,-0.277999484765713,-1.5599782888631457,0.4080706276368378,-0.5462416865898835,-0.9523108805165919,-0.5596209389863135,-0.9075973459109935,-0.38653548150283606,1
-0.8393519612041421,-0.8224405158422775,-0.277999484765713,-0.5758721538549646,-0.60025091022727,0.5409490743661624,-0.707785222133946,-0.6237076109770806,-0.7697946075266019,-0.6337434034202355,1
0.969978234032837,-0.8224405158422775,-0.277999484765713,1.2186743276305423,-1.1604295423739965,-0.274443996350872,0.39258024058796026,0.593939156847496,0.4704300379329222,-0.6337434034202355,1
-1.0403886495638064,-0.8224405158422775,-0.277999484765713,1.5660059046922534,-1.1604295423739965,2.932768748469463,-0.8911794659209304,-0.6877942829678478,-0.8386959767187977,-0.6337434034202355,2
-0.13572355194531688,-0.31113764785962583,3.051241308501409,-0.9810923270936274,-0.15210800450988876,-0.5462416865898835,-0.2798653199643158,-0.431447595004779,-0.42528776156562303,-0.10401214216866529,1
0.16583148059417963,0.9671195220970032,-0.277999484765713,0.7555655582149277,-0.3761794573685794,-0.5462416865898835,0.6371058989706061,0.46576581286596164,0.4704300379329222,-0.4218508989196074,1
0.8694598898530048,-0.8224405158422775,-0.277999484765713,-0.9810923270936274,1.7524993447889816,-0.274443996350872,0.20918599680097588,0.33759246888442723,0.4015286687407264,-0.3512200640860647,1
-1.3419436821033028,-0.8224405158422775,1.386620911867848,0.8713427505688314,0.6321420804955284,-0.5462416865898835,-1.8692820994515138,-2.5463077707000963,-2.2856247297549093,0.637611623583533,3
-0.03520520776548472,-0.8224405158422775,-0.277999484765713,-0.3443177691471572,-0.3761794573685794,-0.274443996350872,0.14805458220531442,0.08124578092135848,0.1259231919719433,-0.38653548150283606,1
-0.13572355194531688,-0.5667890818509517,-0.277999484765713,-0.9810923270936274,0.5201063540661832,-0.274443996350872,0.08692316760965295,-0.3032742510232447,-0.08078091560464408,0.42571911908290494,1
-1.3419436821033028,-0.8224405158422775,-0.277999484765713,0.35034538497626483,-0.8243223630859606,-0.38316307244647657,-0.7689166367296075,-0.751880954958615,-0.9075973459109935,-0.6337434034202355,1
-0.33676024030498125,-0.31113764785962583,3.051241308501409,0.9871199429227351,1.192320712642255,-0.5462416865898835,-4.7424585854476025,-3.1871744906077684,-1.8033151454095386,7.912587611438431,3
-0.03520520776548472,0.9671195220970032,-0.277999484765713,-1.096869519447531,0.29603490120749265,-0.5462416865898835,0.20918599680097588,0.14533245291212565,0.19482456116413907,-0.280589229252522,1
-0.8393519612041421,1.734073824070981,-0.277999484765713,-1.6178668850400977,0.6321420804955284,-0.5462416865898835,-0.2798653199643158,-0.23918757903247748,-0.35638639237342723,-0.49248173375315013,1
1.2715332665723336,-0.05548621386830003,-0.277999484765713,-0.5179835576780127,-0.15210800450988876,1.2476230689875922,1.4929457033098665,1.234805876755168,1.3661478374314675,0.0019341100816487541,1
-1.3419436821033028,-0.8224405158422775,-0.277999484765713,0.7555655582149277,0.29603490120749265,-0.5462416865898835,-3.1530418059604046,-1.9054410507924244,-2.2856247297549093,1.9795974854208442,3
0.2663498247740118,0.2001652201230258,-0.277999484765713,0.9292313467457832,0.5201063540661832,-0.5462416865898835,0.27031741139663734,-0.1751009070417103,0.33262729954853065,-0.49248173375315013,1
1.3720516107521656,-0.8224405158422775,-0.277999484765713,1.392340116161398,-1.1604295423739965,0.3778704602227555,0.3314488259922988,0.6580258288382632,0.539331407125118,-0.6337434034202355,2
2.3772350525504873,0.7114680881056774,-0.277999484765713,0.17667959644540931,-0.8243223630859606,-0.5462416865898835,1.676339947096851,2.003845940644374,1.9173587909690337,-0.5277971511699214,1
0.06531313641434745,-0.05548621386830003,-0.277999484765713,-1.9073098659248569,1.864535071218327,-0.5462416865898835,-0.707785222133946,-0.36736092301401185,-0.6319918691422104,0.9554503803344752,1
-0.03520520776548472,1.734073824070981,-0.277999484765713,-0.8653151347397238,0.07196344834880182,-0.5462416865898835,1.554077117905528,0.9143725168013319,0.7460355147017054,0.637611623583533,1
-0.7388336170243099,-0.8224405158422775,-0.277999484765713,-0.74953794238582,-0.3761794573685794,-0.5462416865898835,-0.21873390536865436,-0.23918757903247748,-0.2874850231812314,-0.5631125685866928,1
-0.03520520776548472,-0.8224405158422775,-0.277999484765713,1.4502287123383497,-1.1604295423739965,0.5409490743661624,-0.2798653199643158,0.08124578092135848,-0.14968228479683987,-0.5631125685866928,2
0.46738651313367613,-0.05548621386830003,-0.277999484765713,0.17667959644540931,1.192320712642255,-0.5462416865898835,0.02579175301399149,-0.1751009070417103,-0.011879546412448292,0.3904037016661336,1
-1.3419436821033028,-0.8224405158422775,-0.277999484765713,0.5240111735071203,-0.936358089515306,0.10607276998374403,-1.0745737097079149,-0.8800542989401494,-1.1143014534875808,-0.6337434034202355,1
2.578271740910152,-0.8224405158422775,-0.277999484765713,1.1028971352766388,-1.0483938159446513,0.16043230803154632,1.676339947096851,1.8756725966628398,1.9173587909690337,-0.6690588208370069,2
-0.6383152728444778,-0.8224405158422775,-0.277999484765713,-1.7336440773940014,1.6404636183596362,-0.5462416865898835,-1.4413621972818835,-1.3927476748662868,-1.5277096686407556,-0.10401214216866529,1
-1.945053747182296,1.2227709560883293,-0.277999484765713,-1.096869519447531,0.9682492597835647,-0.5462416865898835,-1.1357051243035763,-1.0082276429216839,-1.2521041918719724,-0.20995839441897932,1
0.16583148059417963,-0.31113764785962583,-0.277999484765713,-1.3863125003322903,0.4080706276368378,-0.5462416865898835,0.08692316760965295,-0.04692756306017591,0.057021822779747496,-0.06869672475189394,1
-1.0403886495638064,-0.8224405158422775,-0.277999484765713,0.17667959644540931,-0.60025091022727,-0.16572492025526742,-0.5243909783469617,-0.49553426699554626,-0.6319918691422104,-0.5984279860034641,1
-0.03520520776548472,-0.8224405158422775,-0.277999484765713,-0.6337607500319165,-0.3761794573685794,-0.11136538220746513,-0.09647107617733143,-0.04692756306017591,-0.08078091560464408,-0.5631125685866928,1
0.969978234032837,-0.8224405158422775,-0.277999484765713,1.2765629238074943,-1.1604295423739965,-0.11136538220746513,0.5148430697792832,0.6580258288382632,0.539331407125118,-0.6337434034202355,1
-0.23624189612514906,0.7114680881056774,-0.277999484765713,-0.1706519806163017,-0.60025091022727,-0.5462416865898835,-0.03533966158166997,0.7221125008290303,0.1259231919719433,0.6729270410003043,1
1.0704965782126692,-0.8224405158422775,-0.277999484765713,1.0450085390996868,-1.0483938159446513,0.5953086124139646,0.759368728161929,0.7221125008290303,0.6771341455095096,-0.5631125685866928,2
0.969978234032837,-0.8224405158422775,-0.277999484765713,1.0450085390996868,-0.936358089515306,-0.5462416865898835,0.3314488259922988,0.5298524848567288,0.4704300379329222,-0.6337434034202355,2
-0.23624189612514906,1.2227709560883293,-0.277999484765713,0.35034538497626483,0.5201063540661832,-0.5462416865898835,0.759368728161929,0.5298524848567288,0.6082327763173138,-0.174642977002208,1
0.969978234032837,-0.8224405158422775,-0.277999484765713,0.23456819262236114,-0.60025091022727,-0.05700584415966284,0.4537116551836217,0.7861991728197976,0.6771341455095096,-0.5631125685866928,1
1.472569954931998,-0.8224405158422775,-0.277999484765713,1.7396716932231089,-0.936358089515306,-0.32880353439867427,0.759368728161929,0.9784591887920991,0.8838382530860969,-0.6337434034202355,3
0.2663498247740118,-0.8224405158422775,-0.277999484765713,0.003013807914553804,-0.7122866366566154,0.649668150461767,0.39258024058796026,0.4016791408751944,0.33262729954853065,-0.5984279860034641,1
-0.7388336170243099,-0.05548621386830003,-0.277999484765713,-1.2705353079783865,-0.04007227808054335,-0.5462416865898835,-0.707785222133946,-0.23918757903247748,-0.5630904999500146,-0.3512200640860647,1
-1.0403886495638064,2.2453766920536324,-0.277999484765713,-1.4442010965092422,0.9682492597835647,-0.5462416865898835,-0.4021281491556387,-0.1751009070417103,-0.35638639237342723,-0.5277971511699214,1
-0.33676024030498125,0.2001652201230258,-0.277999484765713,-0.402206365324109,-0.48821518379792467,-0.4918821485420812,-0.09647107617733143,0.017159108930591284,-0.08078091560464408,-0.5631125685866928,1
-1.0403886495638064,-0.8224405158422775,-0.277999484765713,1.334451519984446,-1.1604295423739965,2.3891733679914404,-0.8911794659209304,-0.8800542989401494,-1.045400084295385,-0.6337434034202355,3
-0.5377969286646456,-0.8224405158422775,-0.277999484765713,0.9871199429227351,0.7441778069248738,-0.5462416865898835,-0.9523108805165919,-1.4568343468570542,-1.045400084295385,0.0372495274984201,1
-0.23624189612514906,1.9897252580623066,-0.277999484765713,-1.2126467118014348,0.18399917477814723,-0.5462416865898835,1.0650258011402363,1.0425458607828664,1.0905423606626843,-0.280589229252522,1
-1.2414253379234708,-0.05548621386830003,1.386620911867848,-1.2126467118014348,0.07196344834880182,-0.5462416865898835,-0.8911794659209304,-1.4568343468570542,-1.4588082994485598,0.6022962061667616,1
2.4777533967303196,2.2453766920536324,-0.277999484765713,-0.28642917297020537,-0.48821518379792467,-0.5462416865898835,2.5933111660317727,2.580625988561279,2.744175221275383,-0.31590464666929335,1
0.46738651313367613,-0.31113764785962583,-0.277999484765713,0.23456819262236114,1.192320712642255,-0.5462416865898835,-0.1576024907729929,-0.1751009070417103,-0.011879546412448292,0.4610345364996763,1
0.5679048573135083,0.9671195220970032,-0.277999484765713,0.4661225773301685,0.07196344834880182,-0.5462416865898835,1.4318142887142051,0.33759246888442723,0.6082327763173138,1.8736512331705304,1
0.7689415456731726,-0.5667890818509517,-0.277999484765713,-1.2705353079783865,0.18399917477814723,-0.5462416865898835,0.27031741139663734,0.5298524848567288,0.4015286687407264,-0.5277971511699214,1
-0.03520520776548472,-0.31113764785962583,-0.277999484765713,0.29245678879931297,-0.7122866366566154,-0.4375226104942789,-0.09647107617733143,0.08124578092135848,-0.08078091560464408,-0.6337434034202355,1
-0.33676024030498125,3.267982428018936,-0.277999484765713,-0.74953794238582,0.8562135333542192,-0.5462416865898835,1.309551459522882,1.0425458607828664,1.15944372985488,0.21382661458227684,1
-0.03520520776548472,0.4558166541143516,-0.277999484765713,0.060902404091505644,-0.7122866366566154,-0.5462416865898835,-0.1576024907729929,0.14533245291212565,-0.08078091560464408,-0.5984279860034641,1
0.16583148059417963,-0.8224405158422775,-0.277999484765713,1.2186743276305423,-1.1604295423739965,3.3676450528518815,-0.03533966158166997,0.08124578092135848,-0.011879546412448292,-0.6690588208370069,3
1.2715332665723336,-0.8224405158422775,-0.277999484765713,1.0450085390996868,-1.0483938159446513,1.8455779875134173,0.8816315573532519,0.9784591887920991,0.9527396222782927,-0.6337434034202355,2
-1.1409069937436387,-0.5667890818509517,-0.277999484765713,-1.502089692686194,0.4080706276368378,-0.5462416865898835,-0.7689166367296075,-0.5596209389863135,-0.8386959767187977,-0.5277971511699214,1
0.2663498247740118,-0.8224405158422775,-0.277999484765713,0.23456819262236114,-0.936358089515306,0.8127467646051738,0.39258024058796026,0.5298524848567288,0.4015286687407264,-0.6690588208370069,1
-0.03520520776548472,-0.8224405158422775,-0.277999484765713,1.5081173085153015,-1.1604295423739965,4.019959509425509,-0.21873390536865436,-0.04692756306017591,-0.21858365398903565,-0.6690588208370069,3
0.16583148059417963,0.7114680881056774,-0.277999484765713,-1.1547581156244828,0.18399917477814723,-0.5462416865898835,0.3314488259922988,0.27350579689366006,0.26372593035633485,-0.06869672475189394,1
-2.1460904355419603,-0.8224405158422775,-0.277999484765713,-1.2705353079783865,-0.04007227808054335,-0.5462416865898835,-1.1357051243035763,-1.2004876588939852,-1.389906930256364,-0.5984279860034641,1
-1.3419436821033028,-0.05548621386830003,-0.277999484765713,0.8713427505688314,-1.0483938159446513,0.16043230803154632,-1.0745737097079149,-0.8159676269493822,-1.1143014534875808,-0.5631125685866928,1
1.8746433316513265,-0.8224405158422775,-0.277999484765713,0.8134541543918795,-1.0483938159446513,3.3132855148040794,1.3706828741185437,1.4911525647182367,1.503950575815859,-0.6337434034202355,3
-0.4372785844848134,2.2453766920536324,-0.277999484765713,-1.3863125003322903,0.29603490120749265,-0.5462416865898835,0.02579175301399149,0.5298524848567288,0.4015286687407264,-0.20995839441897932,1
-0.8393519612041421,-0.8224405158422775,-0.277999484765713,0.8713427505688314,0.4080706276368378,-0.5462416865898835,-0.5855223929426231,-1.1364009869032181,-0.8386959767187977,0.35508828424936223,1
-1.3419436821033028,-0.8224405158422775,-0.277999484765713,0.4082339811532167,-0.8243223630859606,0.10607276998374403,-0.8911794659209304,-0.8159676269493822,-0.9764987151031893,-0.6337434034202355,1
-1.1409069937436387,0.2001652201230258,-0.277999484765713,-0.8653151347397238,-0.15210800450988876,-0.002646306111860552,-0.7689166367296075,-0.6877942829678478,-0.8386959767187977,-0.38653548150283606,1
0.06531313641434745,-0.8224405158422775,-0.277999484765713,-1.1547581156244828,1.6404636183596362,-0.11136538220746513,0.02579175301399149,-0.04692756306017591,-0.011879546412448292,-0.20995839441897932,1
-0.33676024030498125,-0.5667890818509517,-0.277999484765713,0.4082339811532167,-0.8243223630859606,-0.22008445830306972,-0.2798653199643158,-0.1110142350509431,-0.2874850231812314,-0.6337434034202355,1
-0.33676024030498125,-0.31113764785962583,-0.277999484765713,-0.4600949615010609,-0.48821518379792467,-0.11136538220746513,-0.09647107617733143,-0.04692756306017591,-0.14968228479683987,-0.5631125685866928,1
-1.1409069937436387,-0.8224405158422775,-0.277999484765713,-1.2126467118014348,-0.04007227808054335,-0.5462416865898835,-0.707785222133946,-1.0082276429216839,-1.045400084295385,-0.31590464666929335,1
0.16583148059417963,-0.05548621386830003,-0.277999484765713,-1.3863125003322903,0.29603490120749265,-0.5462416865898835,-0.2798653199643158,-0.1110142350509431,-0.21858365398903565,-0.31590464666929335,1
0.46738651313367613,1.478422390079655,-0.277999484765713,-0.5758721538549646,0.18399917477814723,-0.5462416865898835,0.759368728161929,0.9784591887920991,0.9527396222782927,-0.38653548150283606,1
0.46738651313367613,1.478422390079655,-0.277999484765713,0.5818997696840722,-0.60025091022727,-0.5462416865898835,0.6371058989706061,0.6580258288382632,0.6771341455095096,-0.4571663163363788,1
-1.3419436821033028,1.478422390079655,-0.277999484765713,-1.096869519447531,2.0886065240770177,-0.5462416865898835,-0.5243909783469617,-0.6237076109770806,-0.7697946075266019,0.21382661458227684,1
-0.5377969286646456,-0.8224405158422775,-0.277999484765713,1.5081173085153015,-1.1604295423739965,1.5194207592266036,-0.5243909783469617,-0.3032742510232447,-0.4941891307578188,-0.6337434034202355,2
-0.13572355194531688,-0.8224405158422775,3.051241308501409,-0.9810923270936274,0.4080706276368378,-0.5462416865898835,-2.3583334162168055,-1.9695277227831915,-2.4923288373314967,0.4963499539164476,3
1.1710149223925013,-0.8224405158422775,-0.277999484765713,0.17667959644540931,-0.7122866366566154,0.3778704602227555,0.9427629719489135,1.234805876755168,1.15944372985488,-0.5984279860034641,2
-1.2414253379234708,0.9671195220970032,-0.277999484765713,-1.502089692686194,0.6321420804955284,-0.5462416865898835,-0.7689166367296075,-0.751880954958615,-0.8386959767187977,0.0019341100816487541,1
-0.6383152728444778,-0.8224405158422775,-0.277999484765713,1.0450085390996868,-0.7122866366566154,2.4435329060392426,-0.707785222133946,-0.5596209389863135,-0.7697946075266019,-0.6690588208370069,1
-1.0403886495638064,-0.8224405158422775,-0.277999484765713,1.1607857314535905,-0.8243223630859606,0.9214658407007784,-0.7689166367296075,-0.751880954958615,-0.9075973459109935,-0.5984279860034641,2
-0.33676024030498125,1.2227709560883293,-0.277999484765713,1.334451519984446,-0.7122866366566154,-0.22008445830306972,0.08692316760965295,0.33759246888442723,0.19482456116413907,-0.5631125685866928,1
1.3720516107521656,1.2227709560883293,-0.277999484765713,1.392340116161398,-0.7122866366566154,-0.5462416865898835,1.1261572157358979,1.4911525647182367,1.4350492066236633,-0.31590464666929335,1
0.46738651313367613,0.9671195220970032,-0.277999484765713,-1.096869519447531,0.07196344834880182,0.3235109221749532,0.3314488259922988,0.08124578092135848,0.19482456116413907,0.4610345364996763,1
-0.33676024030498125,-0.8224405158422775,-0.277999484765713,1.5081173085153015,1.7524993447889816,-0.5462416865898835,-0.34099673455997725,-0.49553426699554626,-0.35638639237342723,-0.6337434034202355,1
-1.0403886495638064,-0.8224405158422775,-0.277999484765713,1.5660059046922534,-1.1604295423739965,4.346116737712323,-0.8911794659209304,-0.6877942829678478,-0.9075973459109935,-0.6690588208370069,3
0.2663498247740118,0.7114680881056774,-0.277999484765713,-0.22854057679325354,-0.7122866366566154,-0.32880353439867427,0.39258024058796026,0.46576581286596164,0.4015286687407264,-0.5631125685866928,1
-1.8445354030024639,2.5010281260449583,-0.277999484765713,-1.6178668850400977,0.5201063540661832,-0.5462416865898835,-1.0745737097079149,-0.8800542989401494,-1.1832028226797766,-0.3512200640860647,1
0.6684232014933404,0.2001652201230258,-0.277999484765713,0.9871199429227351,-0.26414373093923393,-0.5462416865898835,0.5148430697792832,0.33759246888442723,0.4015286687407264,-0.10401214216866529,1
-0.5377969286646456,0.9671195220970032,-0.277999484765713,0.17667959644540931,0.6321420804955284,-0.32880353439867427,-0.2798653199643158,-0.1110142350509431,-0.14968228479683987,-0.13932755958543663,1
0.46738651313367613,-0.8224405158422775,-0.277999484765713,-0.11276338443934987,-0.3761794573685794,0.5409490743661624,1.4929457033098665,1.3629792207367022,1.4350492066236633,-0.38653548150283606,2
0.5679048573135083,1.9897252580623066,-0.277999484765713,0.29245678879931297,0.29603490120749265,-0.5462416865898835,0.02579175301399149,1.298892548745935,1.0216409914704885,2.050228320254387,1
-0.23624189612514906,-0.5667890818509517,-0.277999484765713,-1.0389809232705793,-0.3761794573685794,-0.5462416865898835,-0.09647107617733143,0.08124578092135848,-0.011879546412448292,-0.5984279860034641,1
-0.6383152728444778,-0.8224405158422775,-0.277999484765713,0.8713427505688314,-0.936358089515306,3.4220045908996837,-0.8911794659209304,-0.6877942829678478,-0.9075973459109935,-0.6690588208370069,1
-1.1409069937436387,-0.31113764785962583,-0.277999484765713,-1.2126467118014348,0.07196344834880182,-0.4918821485420812,-0.9523108805165919,-0.5596209389863135,-0.8386959767187977,-0.4571663163363788,1
1.1710149223925013,-0.8224405158422775,-0.277999484765713,0.5818997696840722,-0.936358089515306,-0.5462416865898835,0.759368728161929,0.7221125008290303,0.7460355147017054,-0.4571663163363788,1
-0.33676024030498125,-0.5667890818509517,-0.277999484765713,0.5240111735071203,-0.936358089515306,1.3019826070353946,-0.5243909783469617,-0.1751009070417103,-0.42528776156562303,-0.5631125685866928,1
-0.5377969286646456,0.4558166541143516,3.051241308501409,-1.2126467118014348,0.4080706276368378,-0.5462416865898835,-0.5243909783469617,-0.6237076109770806,-0.42528776156562303,0.531665371333219,1
-1.3419436821033028,-0.05548621386830003,-0.277999484765713,0.35034538497626483,-0.60025091022727,-0.38316307244647657,-1.257967953494899,-0.49553426699554626,-0.7008932383344062,0.07256494491519144,1
0.46738651313367613,1.2227709560883293,-0.277999484765713,-0.5758721538549646,-0.15210800450988876,-0.5462416865898835,0.5148430697792832,0.7221125008290303,0.6082327763173138,-0.5277971511699214,1
-0.03520520776548472,0.4558166541143516,-0.277999484765713,-1.1547581156244828,0.5201063540661832,-0.5462416865898835,0.27031741139663734,-0.04692756306017591,0.1259231919719433,0.35508828424936223,1
-0.8393519612041421,-0.8224405158422775,-0.277999484765713,-0.11276338443934987,-0.7122866366566154,1.2476230689875922,-0.4021281491556387,-0.3032742510232447,-0.4941891307578188,-0.6337434034202355,1
-0.03520520776548472,-0.8224405158422775,-0.277999484765713,0.060902404091505644,-0.8243223630859606,1.954297063609022,0.4537116551836217,0.46576581286596164,0.4015286687407264,-0.6337434034202355,2
-0.33676024030498125,-0.8224405158422775,-0.277999484765713,1.6238945008692052,-1.1604295423739965,3.041487824565068,-0.4632595637513002,-0.36736092301401185,-0.4941891307578188,-0.6337434034202355,2
0.36686816895384394,1.2227709560883293,-0.277999484765713,0.639788365861024,0.29603490120749265,-0.5462416865898835,0.6371058989706061,0.5298524848567288,0.8838382530860969,1.2732891370854174,1
2.4777533967303196,-0.8224405158422775,-0.277999484765713,0.5240111735071203,-0.8243223630859606,1.1389039928919875,1.676339947096851,1.7474992526813053,1.7795560525846421,-0.5984279860034641,1
-0.13572355194531688,-0.8224405158422775,-0.277999484765713,-0.8074265385627719,-0.3761794573685794,-0.5462416865898835,-0.2798653199643158,-0.1751009070417103,-0.2874850231812314,-0.5631125685866928,1
1.2715332665723336,-0.8224405158422775,-0.277999484765713,1.9712260779309163,-1.272465268803342,3.09584736261287,0.5148430697792832,0.593939156847496,0.539331407125118,-0.6337434034202355,3
-2.1460904355419603,1.2227709560883293,-0.277999484765713,-1.2705353079783865,-0.04007227808054335,-0.5462416865898835,-1.4413621972818835,-1.2645743308847526,-1.5966110378329514,-0.5277971511699214,1
1.673606643291662,-0.8224405158422775,-0.277999484765713,2.029114674107868,-1.0483938159446513,1.5194207592266036,0.8816315573532519,1.234805876755168,1.15944372985488,-0.6337434034202355,3
-0.13572355194531688,0.9671195220970032,-0.277999484765713,0.5240111735071203,1.6404636183596362,-0.5462416865898835,-1.9304135140471752,-1.2645743308847526,-0.35638639237342723,3.3215833472581555,1
-1.1409069937436387,-0.8224405158422775,-0.277999484765713,-1.502089692686194,0.9682492597835647,-0.5462416865898835,-0.5243909783469617,-0.5596209389863135,-0.7008932383344062,-0.5277971511699214,1
-1.1409069937436387,0.2001652201230258,-0.277999484765713,-1.4442010965092422,0.4080706276368378,-0.5462416865898835,-0.2798653199643158,-0.8159676269493822,-0.7697946075266019,0.2491420319990482,1
0.46738651313367613,-0.31113764785962583,-0.277999484765713,-0.8653151347397238,-0.26414373093923393,0.3235109221749532,0.4537116551836217,0.27350579689366006,0.4015286687407264,-0.10401214216866529,1
0.2663498247740118,0.9671195220970032,-0.277999484765713,-0.28642917297020537,-0.7122866366566154,0.5409490743661624,0.20918599680097588,0.5298524848567288,0.4015286687407264,-0.5631125685866928,1
